hand,has_pares,has_juego,nd_rank,nd_delta_net,nd_act_vs_max,nd_act_vs_min,nd_imp_grande,nd_imp_chica,nd_imp_pares,nd_imp_juego,best_grande_kept,best_grande_pattern,best_grande_net,best_chica_kept,best_chica_pattern,best_chica_net,best_pares_kept,best_pares_pattern,best_pares_net,best_juego_kept,best_juego_pattern,best_juego_net,top1_kept,top1_pattern,top1_net,top2_kept,top2_pattern,top2_net,top3_kept,top3_pattern,top3_net,max_action_kept,max_action_pattern,max_action_value,min_action_kept,min_action_pattern,min_action_value
4444,1,0,1,-0.99046,-0.99046,-2.241859,0.335918,0.352296,-1.20575,0.946839,,,0.002569,4,4 - - -,0.051355,444,4 4 4 -,1.825611,,,0.072038,444,4 4 4 -,0.531811,(none),- - - -,-0.020186,44,4 4 - -,-0.661397,444,4 4 4 -,7.041516,4,4 - - -,6.065928
444A,1,0,1,-0.435505,-0.435505,-1.849649,0.335912,0.099966,0.054594,0.956817,,,0.002569,44A,4 4 - A,0.514387,444,4 4 4 -,1.825611,,,0.072038,444,4 4 4 -,0.531811,(none),- - - -,-0.020186,44A,4 4 - A,-0.251116,444,4 4 4 -,7.041516,4A,4 - - A,5.990028
44AA,1,0,1,-2.440754,-3.082084,-3.713301,0.335908,-0.021707,-2.470356,0.967905,,,0.002569,4AA,4 - A A,0.936564,AA,- - A A,0.631546,,,0.072038,AA,- - A A,0.390214,4AA,4 - A A,0.01175,(none),- - - -,-0.020186,44A,4 4 A -,6.525845,4A,4 - A -,5.990028
4AAA,1,0,2,0.241162,0.241162,-2.435225,0.335906,-0.007883,0.196473,0.979823,,,0.002569,AAA,- A A A,0.991778,AAA,- A A A,1.990825,,,0.072038,AAA,- A A A,1.794054,AA,- A A -,0.390214,4AA,4 A A -,0.01175,AAA,- A A A,7.068539,4A,4 A - -,5.990028
5444,1,0,2,0.255216,0.255216,-1.750202,0.335913,0.352292,0.053774,0.932998,,,0.002569,4,- 4 - -,0.051355,444,- 4 4 4,1.825611,,,0.072038,444,- 4 4 4,0.531811,(none),- - - -,-0.020186,5,5 - - -,-0.66098,444,- 4 4 4,7.041516,54,5 4 - -,5.915385
544A,1,0,9,1.154493,0.923562,-0.173051,0.335909,0.099966,0.784573,0.943728,,,0.002569,44A,- 4 4 A,0.514387,44A,- 4 4 A,0.400503,,,0.072038,(none),- - - -,-0.020186,44A,- 4 4 A,-0.251116,A,- - - A,-0.275844,44A,- 4 4 A,6.525845,54A,5 4 - A,5.90723
54AA,1,0,6,1.045026,1.045026,-0.692917,0.335907,-0.018671,1.025167,0.955127,,,0.002569,4AA,- 4 A A,0.936564,AA,- - A A,0.631546,,,0.072038,AA,- - A A,0.390214,4AA,- 4 A A,0.01175,(none),- - - -,-0.020186,AA,- - A A,6.462246,54A,5 4 A -,5.90723
5544,1,0,1,-1.62135,-2.262561,-3.074771,0.335912,0.352291,-2.717632,0.919765,,,0.002569,4,- - 4 -,0.051355,55,5 5 - -,0.365538,,,0.072038,(none),- - - -,-0.020186,55,5 5 - -,-0.653178,5,5 - - -,-0.66098,44,- - 4 4,6.405498,54,5 - 4 -,5.915385
554A,1,0,9,1.132642,0.693648,-0.194902,0.335909,0.108811,0.806526,0.931404,,,0.002569,4A,- - 4 A,0.496518,55A,5 5 - A,0.458696,,,0.072038,(none),- - - -,-0.020186,A,- - - A,-0.275844,55A,5 5 - A,-0.45918,55A,5 5 - A,6.490454,54A,5 - 4 A,5.90723
5554,1,0,2,0.223164,0.223164,-1.777497,0.335913,0.356684,0.068135,0.906576,,,0.002569,4,- - - 4,0.051355,555,5 5 5 -,1.845237,,,0.072038,555,5 5 5 -,0.527054,(none),- - - -,-0.020186,55,5 5 - -,-0.653178,555,5 5 5 -,6.988013,54,5 - - 4,5.915385
5555,1,0,1,-1.058599,-1.058599,-2.246633,0.335918,0.333037,-1.227751,0.895557,,,0.002569,,,0.002569,555,5 5 5 -,1.845237,,,0.072038,555,5 5 5 -,0.527054,(none),- - - -,-0.020186,55,5 5 - -,-0.653178,555,5 5 5 -,6.988013,5,5 - - -,6.093646
555A,1,0,1,-0.111225,-0.111225,-1.647372,0.335912,0.329759,0.053692,0.919942,,,0.002569,A,- - - A,0.35774,555,5 5 5 -,1.845237,,,0.072038,555,5 5 5 -,0.527054,(none),- - - -,-0.020186,A,- - - A,-0.275844,555,5 5 5 -,6.988013,5A,5 - - A,5.974
55AA,1,0,1,-2.378858,-3.228252,-3.778164,0.335908,0.016072,-2.493428,0.942963,,,0.002569,5AA,5 - A A,0.864433,AA,- - A A,0.631546,,,0.072038,AA,- - A A,0.390214,(none),- - - -,-0.020186,5AA,5 - A A,-0.045851,55A,5 5 A -,6.490454,5A,5 - A -,5.974
5AAA,1,0,2,0.231206,0.231206,-2.57194,0.335906,-0.005166,0.196473,0.96715,,,0.002569,AAA,- A A A,0.991778,AAA,- A A A,1.990825,,,0.072038,AAA,- A A A,1.794054,AA,- A A -,0.390214,(none),- - - -,-0.020186,AAA,- A A A,7.068539,5A,5 A - -,5.974
6444,1,0,2,0.24522,0.24522,-1.723303,0.335913,0.352292,0.053774,0.923003,,,0.002569,4,- 4 - -,0.051355,444,- 4 4 4,1.825611,,,0.072038,444,- 4 4 4,0.531811,(none),- - - -,-0.020186,6,6 - - -,-0.610008,444,- 4 4 4,7.041516,64,6 4 - -,5.903132
644A,1,0,9,1.146373,0.915443,-0.212291,0.335909,0.101319,0.784599,0.93423,,,0.002569,44A,- 4 4 A,0.514387,44A,- 4 4 A,0.400503,,,0.072038,(none),- - - -,-0.020186,44A,- 4 4 A,-0.251116,A,- - - A,-0.275844,44A,- 4 4 A,6.525845,64A,6 4 - A,5.89377
64AA,1,0,7,1.047614,1.047614,-0.72145,0.335907,-0.006541,1.025194,0.945558,,,0.002569,4AA,- 4 A A,0.936564,AA,- - A A,0.631546,,,0.072038,AA,- - A A,0.390214,4AA,- 4 A A,0.01175,(none),- - - -,-0.020186,AA,- - A A,6.462246,64A,6 4 A -,5.89377
6544,1,0,11,1.835554,1.194343,-0.101267,0.335909,0.352303,0.687588,0.913343,,,0.002569,4,- - 4 -,0.051355,44,- - 4 4,0.307441,,,0.072038,(none),- - - -,-0.020186,6,6 - - -,-0.610008,5,- 5 - -,-0.66098,44,- - 4 4,6.405498,654,6 5 4 -,5.889472
654A,0,0,15,1.622335,1.622335,0.065055,0.335907,0.111824,0.804527,0.926259,,,0.002569,4A,- - 4 A,0.496518,A,- - - A,-0.035128,,,0.072038,(none),- - - -,-0.020186,A,- - - A,-0.275844,6,6 - - -,-0.610008,,,6.207333,65A,6 5 - A,5.88472
6554,1,0,11,1.791837,1.158845,-0.144984,0.335909,0.356681,0.706471,0.904463,,,0.002569,4,- - - 4,0.051355,55,- 5 5 -,0.365538,,,0.072038,(none),- - - -,-0.020186,6,6 - - -,-0.610008,55,- 5 5 -,-0.653178,55,- 5 5 -,6.373291,654,6 5 - 4,5.889472
6555,1,0,2,0.221513,0.221513,-0.966521,0.335912,0.333033,0.052813,0.895115,,,0.002569,,,0.002569,555,- 5 5 5,1.845237,,,0.072038,555,- 5 5 5,0.527054,(none),- - - -,-0.020186,6,6 - - -,-0.610008,555,- 5 5 5,6.988013,5,- 5 - -,6.093646
655A,1,0,11,1.443273,1.004279,-0.114007,0.335908,0.329759,0.769876,0.918961,,,0.002569,A,- - - A,0.35774,55A,- 5 5 A,0.458696,,,0.072038,(none),- - - -,-0.020186,A,- - - A,-0.275844,55A,- 5 5 A,-0.45918,55A,- 5 5 A,6.490454,65A,6 5 - A,5.88472
65AA,1,0,8,1.137538,1.137538,-0.830142,0.335907,0.019005,1.025221,0.93778,,,0.002569,5AA,- 5 A A,0.864433,AA,- - A A,0.631546,,,0.072038,AA,- - A A,0.390214,(none),- - - -,-0.020186,5AA,- 5 A A,-0.045851,AA,- - A A,6.462246,65A,6 5 A -,5.88472
6644,1,0,1,-1.683439,-1.910315,-3.099965,0.33591,0.352737,-2.692274,0.901142,,,0.002569,4,- - 4 -,0.051355,66,6 6 - -,0.434805,,,0.072038,(none),- - - -,-0.020186,66,6 6 - -,-0.247062,6,6 - - -,-0.610008,66,6 6 - -,6.489619,64,6 - 4 -,5.903132
664A,1,0,10,1.127126,0.90025,-0.231538,0.335907,0.200747,0.796127,0.915388,,,0.002569,4A,- - 4 A,0.496518,66A,6 6 - A,0.529732,,,0.072038,(none),- - - -,-0.020186,66,6 6 - -,-0.247062,A,- - - A,-0.275844,66,6 6 - -,6.489619,64A,6 - 4 A,5.89377
6654,1,0,11,1.739952,1.513076,-0.196869,0.335908,0.357594,0.732075,0.895329,,,0.002569,4,- - - 4,0.051355,66,6 6 - -,0.434805,,,0.072038,(none),- - - -,-0.020186,66,6 6 - -,-0.247062,6,6 - - -,-0.610008,66,6 6 - -,6.489619,654,6 - 5 4,5.889472
6655,1,0,1,-1.684161,-1.911037,-2.324955,0.33591,0.333031,-2.693775,0.872841,,,0.002569,,,0.002569,66,6 6 - -,0.434805,,,0.072038,(none),- - - -,-0.020186,66,6 6 - -,-0.247062,6,6 - - -,-0.610008,66,6 6 - -,6.489619,5,- - 5 -,6.093646
665A,1,0,11,1.405622,1.178746,-0.151658,0.335907,0.343504,0.796127,0.91235,,,0.002569,A,- - - A,0.35774,66A,6 6 - A,0.529732,,,0.072038,(none),- - - -,-0.020186,66,6 6 - -,-0.247062,A,- - - A,-0.275844,66,6 6 - -,6.489619,65A,6 - 5 A,5.88472
6664,1,0,2,0.301992,0.301992,-1.790952,0.335912,0.368503,0.067511,0.865039,,,0.002569,4,- - - 4,0.051355,666,6 6 6 -,1.865242,,,0.072038,666,6 6 6 -,0.656231,(none),- - - -,-0.020186,66,6 6 - -,-0.247062,666,6 6 6 -,6.960483,64,6 - - 4,5.903132
6665,1,0,2,0.302866,0.302866,-1.014345,0.335912,0.333562,0.067511,0.852068,,,0.002569,,,0.002569,666,6 6 6 -,1.865242,,,0.072038,666,6 6 6 -,0.656231,(none),- - - -,-0.020186,66,6 6 - -,-0.247062,666,6 6 6 -,6.960483,5,- - - 5,6.093646
6666,1,0,1,-1.042702,-1.042702,-2.308941,0.335916,0.335783,-1.25856,0.830346,,,0.002569,,,0.002569,666,6 6 6 -,1.865242,,,0.072038,666,6 6 6 -,0.656231,(none),- - - -,-0.020186,66,6 6 - -,-0.247062,666,6 6 6 -,6.960483,6,6 - - -,6.114352
666A,1,0,2,0.148365,0.148365,-1.543791,0.33591,0.501483,0.053008,0.899322,,,0.002569,A,- - - A,0.35774,666,6 6 6 -,1.865242,,,0.072038,666,6 6 6 -,0.656231,(none),- - - -,-0.020186,66,6 6 - -,-0.247062,666,6 6 6 -,6.960483,6A,6 - - A,5.961803
66AA,1,0,1,-2.336251,-2.973527,-3.76239,0.335906,0.066142,-2.525715,0.926995,,,0.002569,AA,- - A A,0.823639,AA,- - A A,0.631546,,,0.072038,AA,- - A A,0.390214,(none),- - - -,-0.020186,6AA,6 - A A,-0.081847,66,6 6 - -,6.489619,6A,6 - A -,5.961803
6AAA,1,0,2,0.224248,0.224248,-2.60573,0.335906,-0.00245,0.196473,0.957477,,,0.002569,AAA,- A A A,0.991778,AAA,- A A A,1.990825,,,0.072038,AAA,- A A A,1.794054,AA,- A A -,0.390214,(none),- - - -,-0.020186,AAA,- A A A,7.068539,6A,6 A - -,5.961803
7444,1,0,2,0.243675,0.243675,-1.007723,0.335902,0.352292,0.053774,0.92147,,,0.002569,4,- 4 - -,0.051355,444,- 4 4 4,1.825611,,,0.072038,444,- 4 4 4,0.531811,(none),- - - -,-0.020186,7,7 - - -,-0.457044,444,- 4 4 4,7.041516,4,- 4 - -,6.065928
744A,1,0,10,1.142587,0.911657,-0.217043,0.335897,0.102671,0.784625,0.929078,,,0.002569,44A,- 4 4 A,0.514387,44A,- 4 4 A,0.400503,,,0.072038,(none),- - - -,-0.020186,44A,- 4 4 A,-0.251116,A,- - - A,-0.275844,44A,- 4 4 A,6.525845,74A,7 4 - A,5.881135
74AA,1,0,7,1.049894,1.049894,-0.720137,0.335896,0.005557,1.025221,0.935724,,,0.002569,4AA,- 4 A A,0.936564,AA,- - A A,0.631546,,,0.072038,AA,- - A A,0.390214,4AA,- 4 A A,0.01175,(none),- - - -,-0.020186,AA,- - A A,6.462246,74A,7 4 A -,5.881135
7544,1,0,11,1.827783,1.186572,-0.05631,0.335884,0.35236,0.687613,0.905515,,,0.002569,4,- - 4 -,0.051355,44,- - 4 4,0.307441,,,0.072038,(none),- - - -,-0.020186,7,7 - - -,-0.457044,5,- 5 - -,-0.66098,44,- - 4 4,6.405498,754,7 5 4 -,5.872377
754A,0,0,15,1.622947,1.622947,0.081083,0.335882,0.123839,0.804547,0.914862,,,0.002569,4A,- - 4 A,0.496518,A,- - - A,-0.035128,,,0.072038,(none),- - - -,-0.020186,A,- - - A,-0.275844,7,7 - - -,-0.457044,,,6.207333,75A,7 5 - A,5.858895
7554,1,0,11,1.775899,1.142906,-0.108194,0.33588,0.356736,0.706496,0.888474,,,0.002569,4,- - - 4,0.051355,55,- 5 5 -,0.365538,,,0.072038,(none),- - - -,-0.020186,7,7 - - -,-0.457044,55,- 5 5 -,-0.653178,55,- 5 5 -,6.373291,754,7 5 - 4,5.872377
7555,1,0,2,0.18255,0.18255,-1.459243,0.335884,0.333033,0.052813,0.85618,,,0.002569,,,0.002569,555,- 5 5 5,1.845237,,,0.072038,555,- 5 5 5,0.527054,(none),- - - -,-0.020186,7,7 - - -,-0.457044,555,- 5 5 5,6.988013,75,7 5 - -,6.008497
755A,1,0,11,1.426243,0.987249,-0.115621,0.33588,0.330579,0.769902,0.901113,,,0.002569,A,- - - A,0.35774,55A,- 5 5 A,0.458696,,,0.072038,(none),- - - -,-0.020186,A,- - - A,-0.275844,7,7 - - -,-0.457044,55A,- 5 5 A,6.490454,75A,7 5 - A,5.858895
75AA,1,0,8,1.133371,1.133371,-0.818893,0.335889,0.030719,1.025248,0.921888,,,0.002569,5AA,- 5 A A,0.864433,AA,- - A A,0.631546,,,0.072038,AA,- - A A,0.390214,(none),- - - -,-0.020186,5AA,- 5 A A,-0.045851,AA,- - A A,6.462246,75A,7 5 A -,5.858895
7644,1,0,11,1.815758,1.174547,-0.024979,0.335849,0.35275,0.687637,0.893111,,,0.002569,4,- - 4 -,0.051355,44,- - 4 4,0.307441,,,0.072038,(none),- - - -,-0.020186,7,7 - - -,-0.457044,6,- 6 - -,-0.610008,44,- - 4 4,6.405498,764,7 6 4 -,5.858686
764A,0,0,15,1.692945,1.692945,0.081044,0.335848,0.20355,0.804567,0.905163,,,0.002569,4A,- - 4 A,0.496518,A,- - - A,-0.035128,,,0.072038,(none),- - - -,-0.020186,A,- - - A,-0.275844,7,7 - - -,-0.457044,,,6.207333,76A,7 6 - A,5.845262
7654,0,0,16,2.279325,2.279325,0.439537,0.335821,0.357714,0.77043,0.864145,,,0.002569,4,- - - 4,0.051355,,,-0.097363,,,0.072038,(none),- - - -,-0.020186,7,7 - - -,-0.457044,6,- 6 - -,-0.610008,,,6.207333,765,7 6 5 -,5.845089
7655,1,0,11,1.717127,1.084135,-0.122661,0.335821,0.333032,0.667085,0.844091,,,0.002569,,,0.002569,55,- - 5 5,0.365538,,,0.072038,(none),- - - -,-0.020186,7,7 - - -,-0.457044,6,- 6 - -,-0.610008,55,- - 5 5,6.373291,765,7 6 5 -,5.845089
765A,0,0,16,1.963437,1.963437,0.123649,0.335828,0.345331,0.804586,0.895098,,,0.002569,A,- - - A,0.35774,A,- - - A,-0.035128,,,0.072038,(none),- - - -,-0.020186,A,- - - A,-0.275844,7,7 - - -,-0.457044,,,6.207333,765,7 6 5 -,5.845089
7664,1,0,11,1.65146,1.424584,-0.189277,0.335812,0.3685,0.688457,0.839645,,,0.002569,4,- - - 4,0.051355,66,- 6 6 -,0.434805,,,0.072038,(none),- - - -,-0.020186,66,- 6 6 -,-0.247062,7,7 - - -,-0.457044,66,- 6 6 -,6.489619,764,7 6 - 4,5.858686
7665,1,0,11,1.650438,1.423562,-0.18935,0.335811,0.333559,0.688457,0.824779,,,0.002569,,,0.002569,66,- 6 6 -,0.434805,,,0.072038,(none),- - - -,-0.020186,66,- 6 6 -,-0.247062,7,7 - - -,-0.457044,66,- 6 6 -,6.489619,765,7 6 - 5,5.845089
7666,1,0,2,0.195681,0.195681,-1.710245,0.335815,0.335779,0.05207,0.758204,,,0.002569,,,0.002569,666,- 6 6 6,1.865242,,,0.072038,666,- 6 6 6,0.656231,(none),- - - -,-0.020186,66,- 6 6 -,-0.247062,666,- 6 6 6,6.960483,76,7 6 - -,5.996343
766A,1,0,11,1.488887,1.262011,-0.123014,0.335812,0.501482,0.751376,0.882483,,,0.002569,A,- - - A,0.35774,66A,- 6 6 A,0.529732,,,0.072038,(none),- - - -,-0.020186,66,- 6 6 -,-0.247062,A,- - - A,-0.275844,66,- 6 6 -,6.489619,76A,7 6 - A,5.845262
76AA,1,0,8,1.203052,1.203052,-0.819249,0.335861,0.068987,1.025275,0.912508,,,0.002569,AA,- - A A,0.823639,AA,- - A A,0.631546,,,0.072038,AA,- - A A,0.390214,(none),- - - -,-0.020186,6AA,- 6 A A,-0.081847,AA,- - A A,6.462246,76A,7 6 A -,5.845262
7744,1,0,1,-1.768303,-1.776907,-2.467705,0.335787,0.353108,-2.664029,0.869378,,,0.002569,4,- - 4 -,0.051355,77,7 7 - -,0.516398,,,0.072038,(none),- - - -,-0.020186,77,7 7 - -,-0.02879,7,7 - - -,-0.457044,77,7 7 - -,6.527702,4,- - 4 -,6.065928
774A,1,0,11,1.079829,1.071225,-0.279802,0.335784,0.271977,0.782116,0.896048,,,0.002569,4A,- - 4 A,0.496518,77A,7 7 - A,0.614785,,,0.072038,(none),- - - -,-0.020186,77,7 7 - -,-0.02879,A,- - - A,-0.275844,77,7 7 - -,6.527702,74A,7 - 4 A,5.881135
7754,1,0,11,1.591903,1.5833,-0.292189,0.335781,0.360691,0.717203,0.840775,,,0.002569,4,- - - 4,0.051355,77,7 7 - -,0.516398,,,0.072038,(none),- - - -,-0.020186,77,7 7 - -,-0.02879,7,7 - - -,-0.457044,77,7 7 - -,6.527702,754,7 - 5 4,5.872377
7755,1,0,1,-1.797375,-1.805978,-2.891927,0.335783,0.333095,-2.66555,0.813059,,,0.002569,,,0.002569,77,7 7 - -,0.516398,,,0.072038,(none),- - - -,-0.020186,77,7 7 - -,-0.02879,7,7 - - -,-0.457044,77,7 7 - -,6.527702,75,7 - 5 -,6.008497
775A,1,0,11,1.319464,1.31086,-0.2224,0.335781,0.389709,0.782116,0.879177,,,0.002569,A,- - - A,0.35774,77A,7 7 - A,0.614785,,,0.072038,(none),- - - -,-0.020186,77,7 7 - -,-0.02879,A,- - - A,-0.275844,77,7 7 - -,6.527702,75A,7 - 5 A,5.858895
7764,1,0,11,1.578771,1.570167,-0.261966,0.335777,0.369045,0.717203,0.819293,,,0.002569,4,- - - 4,0.051355,77,7 7 - -,0.516398,,,0.072038,(none),- - - -,-0.020186,77,7 7 - -,-0.02879,7,7 - - -,-0.457044,77,7 7 - -,6.527702,764,7 - 6 4,5.858686
7765,1,0,11,1.527249,1.518645,-0.312539,0.335776,0.333685,0.717203,0.754346,,,0.002569,,,0.002569,77,7 7 - -,0.516398,,,0.072038,(none),- - - -,-0.020186,77,7 7 - -,-0.02879,7,7 - - -,-0.457044,77,7 7 - -,6.527702,765,7 - 6 5,5.845089
7766,1,0,1,-1.947169,-1.955772,-3.176677,0.335778,0.335778,-2.667071,0.662108,,,0.002569,,,0.002569,77,7 7 - -,0.516398,,,0.072038,(none),- - - -,-0.020186,77,7 7 - -,-0.02879,66,- - 6 6,-0.247062,77,7 7 - -,6.527702,76,7 - 6 -,5.996343
776A,1,0,11,1.425128,1.416524,-0.186772,0.335777,0.508839,0.782116,0.865715,,,0.002569,A,- - - A,0.35774,77A,7 7 - A,0.614785,,,0.072038,(none),- - - -,-0.020186,77,7 7 - -,-0.02879,A,- - - A,-0.275844,77,7 7 - -,6.527702,76A,7 - 6 A,5.845262
7774,1,0,2,2.004917,2.004917,-1.183524,0.335779,0.374409,0.067117,1.87968,,,0.002569,4,- - - 4,0.051355,777,7 7 7 -,1.885636,777,7 7 7 -,1.181362,777,7 7 7 -,2.468854,(none),- - - -,-0.020186,77,7 7 - -,-0.02879,777,7 7 7 -,7.604952,4,- - - 4,6.065928
7775,1,0,2,1.920971,1.920971,-1.662623,0.335779,0.334829,0.067117,1.786527,,,0.002569,,,0.002569,777,7 7 7 -,1.885636,777,7 7 7 -,1.181362,777,7 7 7 -,2.468854,(none),- - - -,-0.020186,77,7 7 - -,-0.02879,777,7 7 7 -,7.604952,75,7 - - 5,6.008497
7776,1,0,2,1.810214,1.810214,-1.908335,0.335779,0.335815,0.067117,1.674786,,,0.002569,,,0.002569,777,7 7 7 -,1.885636,777,7 7 7 -,1.181362,777,7 7 7 -,2.468854,(none),- - - -,-0.020186,77,7 7 - -,-0.02879,777,7 7 7 -,7.604952,76,7 - - 6,5.996343
7777,1,0,2,0.378364,0.378364,-2.547534,0.335783,0.335916,-1.298524,1.608471,,,0.002569,,,0.002569,777,7 7 7 -,1.885636,777,7 7 7 -,1.181362,777,7 7 7 -,2.468854,(none),- - - -,-0.020186,77,7 7 - -,-0.02879,777,7 7 7 -,7.604952,7,7 - - -,6.147982
777A,1,0,2,1.95432,1.95432,-1.517805,0.335777,0.579036,0.052554,1.945406,,,0.002569,A,- - - A,0.35774,777,7 7 7 -,1.885636,777,7 7 7 -,1.181362,777,7 7 7 -,2.468854,(none),- - - -,-0.020186,77,7 7 - -,-0.02879,777,7 7 7 -,7.604952,7A,7 - - A,5.942379
77AA,1,0,1,-2.332189,-2.751192,-3.725674,0.335785,0.139434,-2.567423,0.899594,,,0.002569,AA,- - A A,0.823639,AA,- - A A,0.631546,,,0.072038,AA,- - A A,0.390214,(none),- - - -,-0.020186,77,7 7 - -,-0.02879,77,7 7 - -,6.527702,7A,7 - A -,5.942379
7AAA,1,0,2,0.212494,0.212494,-2.584831,0.335899,0.000266,0.196473,0.943013,,,0.002569,AAA,- A A A,0.991778,AAA,- A A A,1.990825,,,0.072038,AAA,- A A A,1.794054,AA,- A A -,0.390214,(none),- - - -,-0.020186,AAA,- A A A,7.068539,7A,7 A - -,5.942379
AAAA,1,0,1,-1.06901,-1.06901,-3.138907,0.335906,-0.008222,-1.125908,0.992372,,,0.002569,AAA,A A A -,0.991778,AAA,A A A -,1.990825,,,0.072038,AAA,A A A -,1.794054,AA,A A - -,0.390214,(none),- - - -,-0.020186,AAA,A A A -,7.068539,A,A - - -,6.133815
C444,1,0,2,0.165784,0.165784,-1.085614,0.378635,0.352292,0.053774,1.365142,C,C - - -,0.051355,4,- 4 - -,0.051355,444,- 4 4 4,1.825611,C,C - - -,0.58755,444,- 4 4 4,0.531811,C,C - - -,0.29951,(none),- - - -,-0.020186,444,- 4 4 4,7.041516,4,- 4 - -,6.065928
C44A,1,0,11,1.409429,0.858803,-0.13289,0.378631,0.105376,0.784676,1.39503,C,C - - -,0.051355,44A,- 4 4 A,0.514387,44A,- 4 4 A,0.400503,C,C - - -,0.58755,C,C - - -,0.29951,(none),- - - -,-0.020186,CA,C - - A,-0.216034,44A,- 4 4 A,6.525845,C4A,C 4 - A,5.795311
C4AA,1,0,9,1.023468,1.023468,-0.609556,0.378748,0.029653,1.025275,1.406592,C,C - - -,0.051355,4AA,- 4 A A,0.936564,AA,- - A A,0.631546,C,C - - -,0.58755,AA,- - A A,0.390214,C,C - - -,0.29951,4AA,- 4 A A,0.01175,AA,- - A A,6.462246,C4A,C 4 A -,5.795311
C544,1,0,12,2.056847,1.095941,0.135535,0.377519,0.352474,0.687662,1.337383,C,C - - -,0.051355,4,- - 4 -,0.051355,44,- - 4 4,0.307441,C,C - - -,0.58755,C,C - - -,0.29951,(none),- - - -,-0.020186,C5,C 5 - -,-0.466278,44,- - 4 4,6.405498,C54,C 5 4 -,5.784306
C54A,0,0,15,1.911912,1.911912,0.223394,0.377577,0.147633,0.804586,1.3829,C,C - - -,0.051355,4A,- - 4 A,0.496518,A,- - - A,-0.035128,C,C - - -,0.58755,C,C - - -,0.29951,(none),- - - -,-0.020186,CA,C - - A,-0.216034,C,C - - -,6.300308,C5A,C 5 - A,5.779406
C554,1,0,12,1.992326,1.039638,0.071013,0.377311,0.356845,0.706545,1.307913,C,C - - -,0.051355,4,- - - 4,0.051355,55,- 5 5 -,0.365538,C,C - - -,0.58755,C,C - - -,0.29951,(none),- - - -,-0.020186,C5,C 5 - -,-0.466278,55,- 5 5 -,6.373291,C54,C 5 - 4,5.784306
C555,1,0,2,0.044184,0.044184,-1.14385,0.377314,0.333033,0.052813,1.240681,C,C - - -,0.051355,,,0.002569,555,- 5 5 5,1.845237,C,C - - -,0.58755,555,- 5 5 5,0.527054,C,C - - -,0.29951,(none),- - - -,-0.020186,555,- 5 5 5,6.988013,5,- 5 - -,6.093646
C55A,1,0,12,1.69291,0.93422,0.004393,0.377337,0.33222,0.769953,1.369231,C,C - - -,0.051355,A,- - - A,0.35774,55A,- 5 5 A,0.458696,C,C - - -,0.58755,C,C - - -,0.29951,(none),- - - -,-0.020186,CA,C - - A,-0.216034,55A,- 5 5 A,6.490454,C5A,C 5 - A,5.779406
C5AA,1,0,10,1.108767,1.108767,-0.670455,0.37811,0.054051,1.025302,1.395974,C,C - - -,0.051355,5AA,- 5 A A,0.864433,AA,- - A A,0.631546,C,C - - -,0.58755,AA,- - A A,0.390214,C,C - - -,0.29951,CAA,C - A A,0.000753,AA,- - A A,6.462246,C5A,C 5 A -,5.779406
C644,1,0,12,2.028809,1.067903,0.16349,0.375791,0.352864,0.687687,1.310659,C,C - - -,0.051355,4,- - 4 -,0.051355,44,- - 4 4,0.307441,C,C - - -,0.58755,C,C - - -,0.29951,(none),- - - -,-0.020186,C6,C 6 - -,-0.384998,44,- - 4 4,6.405498,C64,C 6 4 -,5.772154
C64A,0,0,16,1.977089,1.977089,0.262435,0.375855,0.22582,0.804606,1.371593,C,C - - -,0.051355,4A,- - 4 A,0.496518,A,- - - A,-0.035128,C,C - - -,0.58755,C,C - - -,0.29951,(none),- - - -,-0.020186,CA,C - - A,-0.216034,C,C - - -,6.300308,C6A,C 6 - A,5.767309
C654,0,0,16,2.469273,2.103203,0.603954,0.374809,0.358681,0.770467,1.750387,C,C - - -,0.051355,4,- - - 4,0.051355,,,-0.097363,C65,C 6 5 -,1.079235,C,C - - -,0.29951,(none),- - - -,-0.020186,C65,C 6 5 -,-0.06656,C65,C 6 5 -,6.430175,C64,C 6 - 4,5.772154
C655,1,0,12,1.864398,1.498328,0.903909,0.374741,0.333051,0.667134,1.688659,C,C - - -,0.051355,,,0.002569,55,- - 5 5,0.365538,C65,C 6 5 -,1.079235,C,C - - -,0.29951,(none),- - - -,-0.020186,C65,C 6 5 -,-0.06656,C65,C 6 5 -,6.430175,5,- - 5 -,6.093646
C65A,0,0,16,2.226676,1.860606,0.512022,0.375085,0.359826,0.804625,1.840831,C,C - - -,0.051355,A,- - - A,0.35774,A,- - - A,-0.035128,C65,C 6 5 -,1.079235,C,C - - -,0.29951,(none),- - - -,-0.020186,C65,C 6 5 -,-0.06656,C65,C 6 5 -,6.430175,C6A,C 6 - A,5.767309
C664,1,0,11,1.781684,1.509835,-0.083635,0.374437,0.368579,0.688506,1.175717,C,C - - -,0.051355,4,- - - 4,0.051355,66,- 6 6 -,0.434805,C,C - - -,0.58755,C,C - - -,0.29951,C66,C 6 6 -,0.027661,(none),- - - -,-0.020186,C66,C 6 6 -,6.514555,C64,C 6 - 4,5.772154
C665,1,0,12,1.736633,1.464784,0.776143,0.374406,0.333577,0.688506,1.608598,C,C - - -,0.051355,,,0.002569,66,- 6 6 -,0.434805,C65,C 6 - 5,1.079235,C,C - - -,0.29951,C66,C 6 6 -,0.027661,(none),- - - -,-0.020186,C66,C 6 6 -,6.514555,5,- - - 5,6.093646
C666,1,0,1,-0.113972,-0.113972,-1.380211,0.374409,0.335779,0.05207,0.974254,C,C - - -,0.051355,,,0.002569,666,- 6 6 6,1.865242,C,C - - -,0.58755,666,- 6 6 6,0.656231,C,C - - -,0.29951,C66,C 6 6 -,0.027661,666,- 6 6 6,6.960483,6,- 6 - -,6.114352
C66A,1,0,12,1.726745,1.454896,0.012091,0.374467,0.502552,0.751427,1.325165,C,C - - -,0.051355,A,- - - A,0.35774,66A,- 6 6 A,0.529732,C,C - - -,0.58755,C,C - - -,0.29951,C66,C 6 6 -,0.027661,(none),- - - -,-0.020186,C66,C 6 6 -,6.514555,C6A,C 6 - A,5.767309
C6AA,1,0,10,1.177302,1.177302,-0.628056,0.376446,0.091687,1.025329,1.387716,C,C - - -,0.051355,AA,- - A A,0.823639,AA,- - A A,0.631546,C,C - - -,0.58755,AA,- - A A,0.390214,C,C - - -,0.29951,CAA,C - A A,0.000753,AA,- - A A,6.462246,C6A,C 6 A -,5.767309
C744,1,0,12,1.987971,1.688972,0.968874,0.372101,0.353177,0.687711,1.763974,C,C - - -,0.051355,4,- - 4 -,0.051355,44,- - 4 4,0.307441,C74,C 7 4 -,1.078351,C,C - - -,0.29951,C74,C 7 4 -,0.000511,(none),- - - -,-0.020186,C74,C 7 4 -,6.427297,4,- - 4 -,6.065928
C74A,0,0,16,2.008521,1.709522,0.339735,0.372179,0.285115,0.804625,1.838187,C,C - - -,0.051355,4A,- - 4 A,0.496518,A,- - - A,-0.035128,C74,C 7 4 -,1.078351,C,C - - -,0.29951,C74,C 7 4 -,0.000511,(none),- - - -,-0.020186,C74,C 7 4 -,6.427297,C7A,C 7 - A,5.747805
C754,0,0,16,2.401588,2.102588,0.480275,0.370917,0.361263,0.770486,1.683109,C,C - - -,0.051355,4,- - - 4,0.051355,,,-0.097363,C74,C 7 - 4,1.078351,C,C - - -,0.29951,C74,C 7 - 4,0.000511,(none),- - - -,-0.020186,C74,C 7 - 4,6.427297,C54,C - 5 4,5.784306
C755,1,0,12,1.747005,0.794317,0.332756,0.370835,0.333105,0.667158,1.083409,C,C - - -,0.051355,,,0.002569,55,- - 5 5,0.365538,C,C - - -,0.58755,C,C - - -,0.29951,(none),- - - -,-0.020186,C7,C 7 - -,-0.184349,55,- - 5 5,6.373291,75,- 7 5 -,6.008497
C75A,0,0,16,2.234049,2.234049,0.565264,0.37125,0.398152,0.804645,1.322009,C,C - - -,0.051355,A,- - - A,0.35774,A,- - - A,-0.035128,C,C - - -,0.58755,C,C - - -,0.29951,(none),- - - -,-0.020186,C7,C 7 - -,-0.184349,C,C - - -,6.300308,C7A,C 7 - A,5.747805
C764,0,0,16,2.302977,2.003978,0.437658,0.369484,0.369484,0.770505,1.577693,C,C - - -,0.051355,4,- - - 4,0.051355,,,-0.097363,C74,C 7 - 4,1.078351,C,C - - -,0.29951,C74,C 7 - 4,0.000511,(none),- - - -,-0.020186,C74,C 7 - 4,6.427297,C64,C - 6 4,5.772154
C765,0,0,16,2.196075,1.830005,0.036591,0.369131,0.333784,0.770524,1.458923,C,C - - -,0.051355,,,0.002569,,,-0.097363,C65,C - 6 5,1.079235,C,C - - -,0.29951,(none),- - - -,-0.020186,C65,C - 6 5,-0.06656,C65,C - 6 5,6.430175,765,- 7 6 5,5.845089
C766,1,0,11,1.458935,1.187086,-0.09027,0.369045,0.335777,0.640898,0.889986,C,C - - -,0.051355,,,0.002569,66,- - 6 6,0.434805,C,C - - -,0.58755,C,C - - -,0.29951,C66,C - 6 6,0.027661,(none),- - - -,-0.020186,C66,C - 6 6,6.514555,76,- 7 6 -,5.996343
C76A,0,0,16,2.32541,2.32541,0.656625,0.369832,0.514771,0.804664,1.298149,C,C - - -,0.051355,A,- - - A,0.35774,A,- - - A,-0.035128,C,C - - -,0.58755,C,C - - -,0.29951,(none),- - - -,-0.020186,C7,C 7 - -,-0.184349,C,C - - -,6.300308,C7A,C 7 - A,5.747805
C774,1,0,12,1.475223,1.296696,0.456126,0.368579,0.374437,0.664971,1.465185,C,C - - -,0.051355,4,- - - 4,0.051355,77,- 7 7 -,0.516398,C74,C 7 - 4,1.078351,C,C - - -,0.29951,C77,C 7 7 -,0.120982,C74,C 7 - 4,0.000511,C77,C 7 7 -,6.568226,4,- - - 4,6.065928
C775,1,0,11,1.410038,1.23151,-0.004211,0.36854,0.334832,0.664971,0.900057,C,C - - -,0.051355,,,0.002569,77,- 7 7 -,0.516398,C,C - - -,0.58755,C,C - - -,0.29951,C77,C 7 7 -,0.120982,(none),- - - -,-0.020186,C77,C 7 7 -,6.568226,75,- 7 - 5,6.008497
C776,1,0,10,1.314046,1.135518,-0.235159,0.3685,0.335812,0.664971,0.803125,C,C - - -,0.051355,,,0.002569,77,- 7 7 -,0.516398,C,C - - -,0.58755,C,C - - -,0.29951,C77,C 7 7 -,0.120982,(none),- - - -,-0.020186,C77,C 7 7 -,6.568226,76,- 7 - 6,5.996343
C777,1,1,1,-2.30458,-2.30458,-5.230478,0.368503,0.335912,0.051556,-2.408483,C,C - - -,0.051355,,,0.002569,777,- 7 7 7,1.885636,777,- 7 7 7,1.181362,777,- 7 7 7,2.468854,C,C - - -,0.29951,C77,C 7 7 -,0.120982,777,- 7 7 7,7.604952,7,- 7 - -,6.147982
C77A,1,0,11,1.60246,1.423932,-0.066326,0.368618,0.579421,0.728423,1.237917,C,C - - -,0.051355,A,- - - A,0.35774,77A,- 7 7 A,0.614785,C,C - - -,0.58755,C,C - - -,0.29951,C77,C 7 7 -,0.120982,(none),- - - -,-0.020186,C77,C 7 7 -,6.568226,C7A,C 7 - A,5.747805
C7AA,1,0,10,1.22243,1.22243,-0.537059,0.372896,0.153292,1.025356,1.374762,C,C - - -,0.051355,AA,- - A A,0.823639,AA,- - A A,0.631546,C,C - - -,0.58755,AA,- - A A,0.390214,C,C - - -,0.29951,CAA,C - A A,0.000753,AA,- - A A,6.462246,C7A,C 7 A -,5.747805
CAAA,1,0,2,0.171061,0.171061,-1.839027,0.37909,0.005699,0.196473,1.417254,C,C - - -,0.051355,AAA,- A A A,0.991778,AAA,- A A A,1.990825,C,C - - -,0.58755,AAA,- A A A,1.794054,AA,- A A -,0.390214,C,C - - -,0.29951,AAA,- A A A,7.068539,CA,C A - -,6.114817
CC44,1,0,1,-0.650441,-0.650441,-3.091709,0.353621,0.353621,-2.595783,1.590483,C,C - - -,0.051355,4,- - 4 -,0.051355,CC,C C - -,0.721246,CC,C C - -,1.250106,CC,C C - -,1.72168,CC4,C C 4 -,0.630342,C,C - - -,0.29951,CC,C C - -,6.919549,4,- - 4 -,6.065928
CC4A,1,0,9,2.440312,2.440312,-0.524178,0.353632,0.363376,0.740634,1.890689,C,C - - -,0.051355,4A,- - 4 A,0.496518,CCA,C C - A,0.83172,CC,C C - -,1.250106,CC,C C - -,1.72168,CCA,C C - A,1.629809,CC4,C C 4 -,0.630342,CC,C C - -,6.919549,C4A,C - 4 A,5.795311
CC54,1,0,10,2.559857,2.559857,-0.783626,0.353414,0.36469,0.671055,1.523079,C,C - - -,0.051355,4,- - - 4,0.051355,CC,C C - -,0.721246,CC,C C - -,1.250106,CC,C C - -,1.72168,CC5,C C 5 -,0.862109,CC4,C C - 4,0.630342,CC,C C - -,6.919549,C54,C - 5 4,5.784306
CC55,1,0,1,-0.779459,-0.779459,-3.162119,0.353402,0.333183,-2.597358,1.434911,C,C - - -,0.051355,,,0.002569,CC,C C - -,0.721246,CC,C C - -,1.250106,CC,C C - -,1.72168,CC5,C C 5 -,0.862109,C,C - - -,0.29951,CC,C C - -,6.919549,5,- - 5 -,6.093646
CC5A,1,0,10,2.589773,2.589773,-0.520915,0.35347,0.447992,0.740634,1.816917,C,C - - -,0.051355,A,- - - A,0.35774,CCA,C C - A,0.83172,CC,C C - -,1.250106,CC,C C - -,1.72168,CCA,C C - A,1.629809,CC5,C C 5 -,0.862109,CC,C C - -,6.919549,C5A,C - 5 A,5.779406
CC64,1,0,10,2.484075,2.484075,-0.803415,0.353177,0.372101,0.671055,1.440123,C,C - - -,0.051355,4,- - - 4,0.051355,CC,C C - -,0.721246,CC,C C - -,1.250106,CC,C C - -,1.72168,CC6,C C 6 -,0.966221,CC4,C C - 4,0.630342,CC,C C - -,6.919549,C64,C - 6 4,5.772154
CC65,1,1,1,-1.271229,-1.271229,-3.653889,0.35312,0.334362,0.671055,-2.32617,C,C - - -,0.051355,,,0.002569,CC,C C - -,0.721246,CC,C C - -,1.250106,CC,C C - -,1.72168,CC6,C C 6 -,0.966221,CC5,C C - 5,0.862109,CC,C C - -,6.919549,5,- - - 5,6.093646
CC66,1,1,1,-2.60319,-2.60319,-4.934878,0.353108,0.335787,-2.598934,-0.389555,C,C - - -,0.051355,,,0.002569,CC,C C - -,0.721246,CC,C C - -,1.250106,CC,C C - -,1.72168,CC6,C C 6 -,0.966221,C,C - - -,0.29951,CC,C C - -,6.919549,6,- - 6 -,6.114352
CC6A,1,0,10,2.595058,2.595058,-0.541767,0.353233,0.549473,0.740634,1.720958,C,C - - -,0.051355,A,- - - A,0.35774,CCA,C C - A,0.83172,CC,C C - -,1.250106,CC,C C - -,1.72168,CCA,C C - A,1.629809,CC6,C C 6 -,0.966221,CC,C C - -,6.919549,C6A,C - 6 A,5.767309
CC74,1,1,1,-1.27666,-1.27666,-3.717928,0.352864,0.375791,0.671055,-2.323988,C,C - - -,0.051355,4,- - - 4,0.051355,CC,C C - -,0.721246,CC,C C - -,1.250106,CC,C C - -,1.72168,CC7,C C 7 -,1.181219,CC4,C C - 4,0.630342,CC,C C - -,6.919549,4,- - - 4,6.065928
CC75,1,1,3,0.662322,0.662322,-2.174097,0.352807,0.335076,0.671055,-0.393019,C,C - - -,0.051355,,,0.002569,CC,C C - -,0.721246,CC,C C - -,1.250106,CC,C C - -,1.72168,CC7,C C 7 -,1.181219,CC5,C C - 5,0.862109,CC,C C - -,6.919549,75,- - 7 5,6.008497
CC76,1,1,5,1.555325,1.555325,-1.41605,0.35275,0.335849,0.671055,0.499267,C,C - - -,0.051355,,,0.002569,CC,C C - -,0.721246,CC,C C - -,1.250106,CC,C C - -,1.72168,CC7,C C 7 -,1.181219,CC6,C C - 6,0.966221,CC,C C - -,6.919549,76,- - 7 6,5.996343
CC77,1,1,1,-1.892182,-1.892182,-4.070907,0.352737,0.33591,-2.600509,0.323275,C,C - - -,0.051355,,,0.002569,CC,C C - -,0.721246,CC,C C - -,1.250106,CC,C C - -,1.72168,CC7,C C 7 -,1.181219,C,C - - -,0.29951,CC,C C - -,6.919549,7,- - 7 -,6.147982
CC7A,1,0,10,2.506277,2.506277,-0.58468,0.35292,0.596122,0.740634,1.585842,C,C - - -,0.051355,A,- - - A,0.35774,CCA,C C - A,0.83172,CC,C C - -,1.250106,CC,C C - -,1.72168,CCA,C C - A,1.629809,CC7,C C 7 -,1.181219,CC,C C - -,6.919549,C7A,C - 7 A,5.747805
CCAA,1,0,1,-1.14381,-1.14381,-3.081524,0.353759,0.237849,-2.480134,1.979856,C,C - - -,0.051355,AA,- - A A,0.823639,CCA,C C A -,0.83172,CC,C C - -,1.250106,CC,C C - -,1.72168,CCA,C C A -,1.629809,AA,- - A A,0.390214,CC,C C - -,6.919549,CA,C - A -,6.114817
CCC4,1,1,2,1.066439,1.066439,-2.943511,0.352292,0.378635,0.067064,0.83682,C,C - - -,0.051355,4,- - - 4,0.051355,CCC,C C C -,1.927642,CCC,C C C -,1.828383,CCC,C C C -,3.290363,CC,C C - -,1.72168,CC4,C C - 4,0.630342,CCC,C C C -,7.671674,4,- - - 4,6.065928
CCC5,1,1,2,0.915633,0.915633,-3.03571,0.352292,0.335528,0.067064,0.680335,C,C - - -,0.051355,,,0.002569,CCC,C C C -,1.927642,CCC,C C C -,1.828383,CCC,C C C -,3.290363,CC,C C - -,1.72168,CC5,C C - 5,0.862109,CCC,C C C -,7.671674,5,- - - 5,6.093646
CCC6,1,1,2,0.795552,0.795552,-3.104819,0.352292,0.335902,0.067064,0.559881,C,C - - -,0.051355,,,0.002569,CCC,C C C -,1.927642,CCC,C C C -,1.828383,CCC,C C C -,3.290363,CC,C C - -,1.72168,CC6,C C - 6,0.966221,CCC,C C C -,7.671674,6,- - - 6,6.114352
CCC7,1,1,2,0.648565,0.648565,-3.098843,0.352292,0.335913,0.067064,0.412882,C,C - - -,0.051355,,,0.002569,CCC,C C C -,1.927642,CCC,C C C -,1.828383,CCC,C C C -,3.290363,CC,C C - -,1.72168,CC7,C C - 7,1.181219,CCC,C C C -,7.671674,7,- - - 7,6.147982
CCCA,1,1,1,-1.539916,-1.539916,-5.046313,0.352291,0.629812,0.052378,-1.699639,C,C - - -,0.051355,A,- - - A,0.35774,CCC,C C C -,1.927642,CCC,C C C -,1.828383,CCC,C C C -,3.290363,CC,C C - -,1.72168,CCA,C C - A,1.629809,CCC,C C C -,7.671674,CA,C - - A,6.114817
CCCC,1,1,1,-0.959182,-0.959182,-4.269731,0.352296,0.335918,-1.407697,0.279888,C,C - - -,0.051355,,,0.002569,CCC,C C C -,1.927642,CCC,C C C -,1.828383,CCC,C C C -,3.290363,CC,C C - -,1.72168,C,C - - -,0.29951,CCC,C C C -,7.671674,,,6.207333
CCCS,1,1,2,0.515395,0.515395,-2.795154,0.352292,0.335913,0.067064,0.279713,C,C - - -,0.051355,,,0.002569,CCC,C C C -,1.927642,CCS,C C - S,1.828385,CCC,C C C -,3.290363,CCS,C C - S,1.822244,CC,C C - -,1.72168,CCC,C C C -,7.671674,,,6.207333
CCS4,1,1,5,1.407807,1.407807,-1.134024,0.352474,0.377519,0.671055,0.836856,C,C - - -,0.051355,4,- - - 4,0.051355,CC,C C - -,0.721246,CCS,C C S -,1.828385,CCS,C C S -,1.822244,CC,C C - -,1.72168,CC4,C C - 4,0.630342,CCS,C C S -,7.002338,4,- - - 4,6.065928
CCS5,1,1,5,1.257892,1.257892,-1.225332,0.352417,0.33536,0.671055,0.68037,C,C - - -,0.051355,,,0.002569,CC,C C - -,0.721246,CCS,C C S -,1.828385,CCS,C C S -,1.822244,CC,C C - -,1.72168,CC5,C C - 5,0.862109,CCS,C C S -,7.002338,5,- - - 5,6.093646
CCS6,1,1,4,1.137872,1.137872,-1.29438,0.35236,0.335884,0.671055,0.559884,C,C - - -,0.051355,,,0.002569,CC,C C - -,0.721246,CCS,C C S -,1.828385,CCS,C C S -,1.822244,CC,C C - -,1.72168,CC6,C C - 6,0.966221,CCS,C C S -,7.002338,6,- - - 6,6.114352
CCS7,1,1,4,0.990842,0.990842,-1.288446,0.352303,0.335909,0.671055,0.412885,C,C - - -,0.051355,,,0.002569,CC,C C - -,0.721246,CCS,C C S -,1.828385,CCS,C C S -,1.822244,CC,C C - -,1.72168,CC7,C C - 7,1.181219,CCS,C C S -,7.002338,7,- - - 7,6.147982
CCSA,1,1,1,-1.236582,-1.236582,-3.364388,0.35253,0.616867,0.740634,-1.699657,C,C - - -,0.051355,A,- - - A,0.35774,CCA,C C - A,0.83172,CCS,C C S -,1.828385,CCS,C C S -,1.822244,CC,C C - -,1.72168,CCA,C C - A,1.629809,CCS,C C S -,7.002338,SA,- - S A,6.114806
CCSS,1,1,1,-2.415507,-2.491196,-4.257937,0.352291,0.335912,-2.602085,0.279686,C,C - - -,0.051355,,,0.002569,CC,C C - -,0.721246,CSS,C - S S,1.828385,CCS,C C S -,1.822244,CSS,C - S S,1.746555,CC,C C - -,1.72168,CSS,C - S S,7.002338,,,6.207333
CS44,1,0,12,1.910943,1.910943,0.616527,0.36469,0.353414,0.687736,1.590514,C,C - - -,0.051355,4,- - 4 -,0.051355,44,- - 4 4,0.307441,CS,C S - -,1.250089,CS,C S - -,0.574829,C,C - - -,0.29951,S,- S - -,0.183774,CS,C S - -,6.445574,4,- - 4 -,6.065928
CS4A,0,0,16,2.200054,2.200054,0.331508,0.364794,0.327948,0.804645,1.890672,C,C - - -,0.051355,4A,- - 4 A,0.496518,A,- - - A,-0.035128,CS,C S - -,1.250089,CS,C S - -,0.574829,C,C - - -,0.29951,CSA,C S - A,0.190718,CS,C S - -,6.445574,S4A,- S 4 A,5.795301
CS54,0,0,16,2.339273,2.339273,0.07654,0.363135,0.363135,0.770505,1.523106,C,C - - -,0.051355,4,- - - 4,0.051355,,,-0.097363,CS,C S - -,1.250089,CS,C S - -,0.574829,C,C - - -,0.29951,S,- S - -,0.183774,CS,C S - -,6.445574,S54,- S 5 4,5.784296
CS55,1,0,12,1.703573,1.703573,0.467765,0.363027,0.333146,0.667183,1.43494,C,C - - -,0.051355,,,0.002569,55,- - 5 5,0.365538,CS,C S - -,1.250089,CS,C S - -,0.574829,C,C - - -,0.29951,S,- S - -,0.183774,CS,C S - -,6.445574,5,- - 5 -,6.093646
CS5A,0,0,16,2.361463,2.361463,0.339879,0.363572,0.425542,0.804664,1.816912,C,C - - -,0.051355,A,- - - A,0.35774,A,- - - A,-0.035128,CS,C S - -,1.250089,CS,C S - -,0.574829,C,C - - -,0.29951,CSA,C S - A,0.190718,CS,C S - -,6.445574,S5A,- S 5 A,5.779396
CS64,0,0,16,2.262241,2.262241,0.051131,0.361263,0.370917,0.770524,1.440144,C,C - - -,0.051355,4,- - - 4,0.051355,,,-0.097363,CS,C S - -,1.250089,CS,C S - -,0.574829,C,C - - -,0.29951,S,- S - -,0.183774,CS,C S - -,6.445574,S64,- S 6 4,5.772143
CS65,0,1,1,-1.492563,-1.492563,-2.728371,0.360805,0.334105,0.770542,-2.326194,C,C - - -,0.051355,,,0.002569,,,-0.097363,CS,C S - -,1.250089,CS,C S - -,0.574829,C,C - - -,0.29951,S,- S - -,0.183774,CS,C S - -,6.445574,5,- - - 5,6.093646
CS66,1,1,1,-0.216162,-0.832859,-1.400999,0.360691,0.335781,0.640922,-0.389567,C,C - - -,0.051355,,,0.002569,66,- - 6 6,0.434805,CS,C S - -,1.250089,CS,C S - -,0.574829,C,C - - -,0.29951,S,- S - -,0.183774,S66,- S 6 6,6.514555,6,- - 6 -,6.114352
CS6A,0,0,16,2.372055,2.372055,0.318112,0.361717,0.533921,0.804684,1.72096,C,C - - -,0.051355,A,- - - A,0.35774,A,- - - A,-0.035128,CS,C S - -,1.250089,CS,C S - -,0.574829,C,C - - -,0.29951,CSA,C S - A,0.190718,CS,C S - -,6.445574,S6A,- S 6 A,5.767299
CS74,0,1,1,-1.500586,-1.500586,-2.795002,0.358681,0.374809,0.770542,-2.324011,C,C - - -,0.051355,4,- - - 4,0.051355,,,-0.097363,CS,C S - -,1.250089,CS,C S - -,0.574829,C,C - - -,0.29951,S,- S - -,0.183774,CS,C S - -,6.445574,4,- - - 4,6.065928
CS75,0,1,4,0.438805,0.438805,-1.250763,0.358199,0.334899,0.770561,-0.393033,C,C - - -,0.051355,,,0.002569,,,-0.097363,CS,C S - -,1.250089,CS,C S - -,0.574829,C,C - - -,0.29951,S,- S - -,0.183774,CS,C S - -,6.445574,75,- - 7 5,6.008497
CS76,0,1,13,1.331608,1.331608,-0.492915,0.357714,0.335821,0.77058,0.499314,C,C - - -,0.051355,,,0.002569,,,-0.097363,CS,C S - -,1.250089,CS,C S - -,0.574829,C,C - - -,0.29951,S,- S - -,0.183774,CS,C S - -,6.445574,76,- - 7 6,5.996343
CS77,1,1,3,0.379575,-0.151558,-0.652298,0.357594,0.335908,0.608336,0.323319,C,C - - -,0.051355,,,0.002569,77,- - 7 7,0.516398,CS,C S - -,1.250089,CS,C S - -,0.574829,C,C - - -,0.29951,S,- S - -,0.183774,S77,- S 7 7,6.568226,7,- - 7 -,6.147982
CS7A,0,0,16,2.284546,2.284546,0.269301,0.35916,0.584055,0.804704,1.585855,C,C - - -,0.051355,A,- - - A,0.35774,A,- - - A,-0.035128,CS,C S - -,1.250089,CS,C S - -,0.574829,C,C - - -,0.29951,CSA,C S - A,0.190718,CS,C S - -,6.445574,S7A,- S 7 A,5.747795
CSAA,1,0,12,1.388224,1.203609,0.507834,0.365741,0.199077,1.025383,1.979823,C,C - - -,0.051355,AA,- - A A,0.823639,AA,- - A A,0.631546,CS,C S - -,1.250089,CS,C S - -,0.574829,AA,- - A A,0.390214,C,C - - -,0.29951,AA,- - A A,6.462246,SA,- S A -,6.114806
CSS4,1,1,5,1.410324,1.410324,-1.055819,0.356845,0.377311,0.635336,0.836856,C,C - - -,0.051355,4,- - - 4,0.051355,SS,- S S -,0.611484,CSS,C S S -,1.828385,CSS,C S S -,1.746555,SS,- S S -,1.486591,CS,C S - -,0.574829,CSS,C S S -,7.002338,4,- - - 4,6.065928
CSS5,1,1,5,1.260587,1.260587,-1.146948,0.35679,0.335328,0.635336,0.68037,C,C - - -,0.051355,,,0.002569,SS,- S S -,0.611484,CSS,C S S -,1.828385,CSS,C S S -,1.746555,SS,- S S -,1.486591,SS5,- S S 5,0.64119,CSS,C S S -,7.002338,5,- - - 5,6.093646
CSS6,1,1,4,1.140598,1.140598,-1.215965,0.356736,0.33588,0.635336,0.559884,C,C - - -,0.051355,,,0.002569,SS,- S S -,0.611484,CSS,C S S -,1.828385,CSS,C S S -,1.746555,SS,- S S -,1.486591,SS6,- S S 6,0.743386,CSS,C S S -,7.002338,6,- - - 6,6.114352
CSS7,1,1,4,0.993574,0.993574,-1.210026,0.356681,0.335909,0.635336,0.412885,C,C - - -,0.051355,,,0.002569,SS,- S S -,0.611484,CSS,C S S -,1.828385,CSS,C S S -,1.746555,SS,- S S -,1.486591,SS7,- S S 7,0.957284,CSS,C S S -,7.002338,7,- - - 7,6.147982
CSSA,1,1,1,-1.234026,-1.234026,-3.286144,0.356898,0.61442,0.700282,-1.699657,C,C - - -,0.051355,A,- - - A,0.35774,SSA,- S S A,0.715046,CSS,C S S -,1.828385,CSS,C S S -,1.746555,SS,- S S -,1.486591,SSA,- S S A,1.432661,CSS,C S S -,7.002338,SA,- S - A,6.114806
CSSS,1,1,2,0.40352,0.40352,-2.785332,0.356684,0.335913,0.051283,0.279713,C,C - - -,0.051355,,,0.002569,SSS,- S S S,1.906431,CSS,C S S -,1.828385,SSS,- S S S,3.168666,CSS,C S S -,1.746555,SS,- S S -,1.486591,SSS,- S S S,7.671674,,,6.207333
R444,1,0,3,0.643903,0.018634,-1.232765,0.629812,0.352291,-0.03831,1.365191,R,R - - -,0.35774,4,- 4 - -,0.051355,444,- 4 4 4,1.825611,R,R - - -,0.587455,R,R - - -,1.157081,444,- 4 4 4,0.531811,R4,R 4 - -,0.112899,444,- 4 4 4,7.041516,4,- 4 - -,6.065928
R44A,1,0,12,2.173345,0.765148,0.230533,0.629808,0.106729,0.862047,1.395021,R,R - - -,0.35774,44A,- 4 4 A,0.514387,R44,R 4 4 -,0.517759,R,R - - -,0.587455,R,R - - -,1.157081,RA,R - - A,0.539934,R4,R 4 - -,0.112899,44A,- 4 4 A,6.525845,R4A,R 4 - A,5.779107
R4AA,1,0,9,1.713059,0.946193,-0.229753,0.631174,0.041653,1.086961,1.406555,R,R - - -,0.35774,4AA,- 4 A A,0.936564,RAA,R - A A,0.728606,R,R - - -,0.587455,R,R - - -,1.157081,RAA,R - A A,0.631875,RA,R - A -,0.539934,AA,- - A A,6.462246,R4A,R 4 A -,5.779107
R544,1,0,12,2.803527,0.985049,0.497607,0.616867,0.35253,0.853944,1.337414,R,R - - -,0.35774,4,- - 4 -,0.051355,R44,R - 4 4,0.517759,R,R - - -,0.587455,R,R - - -,1.157081,R5,R 5 - -,0.266714,R4,R - 4 -,0.112899,44,- - 4 4,6.405498,R54,R 5 4 -,5.767044
R54A,0,0,16,2.691977,2.691977,0.615525,0.61757,0.159412,1.1568,1.382889,R,R - - -,0.35774,4A,- - 4 A,0.496518,R,R - - -,0.340063,R,R - - -,0.587455,R,R - - -,1.157081,RA,R - - A,0.539934,R5,R 5 - -,0.266714,R,R - - -,6.391594,R5A,R 5 - A,5.763205
R554,1,0,12,2.733057,2.733057,0.427137,0.61442,0.356898,0.875999,1.307955,R,R - - -,0.35774,4,- - - 4,0.051355,R55,R 5 5 -,0.582746,R,R - - -,0.587455,R,R - - -,1.157081,R5,R 5 - -,0.266714,R4,R - - 4,0.112899,R,R - - -,6.391594,R54,R 5 - 4,5.767044
R555,1,0,2,0.512378,-0.117649,-1.305683,0.614423,0.333031,-0.039915,1.24076,R,R - - -,0.35774,,,0.002569,555,- 5 5 5,1.845237,R,R - - -,0.587455,R,R - - -,1.157081,555,- 5 5 5,0.527054,R5,R 5 - -,0.266714,555,- 5 5 5,6.988013,5,- 5 - -,6.093646
R55A,1,0,12,2.435571,0.819311,0.359119,0.614735,0.33304,0.847162,1.369234,R,R - - -,0.35774,A,- - - A,0.35774,R55,R 5 5 -,0.582746,R,R - - -,0.587455,R,R - - -,1.157081,RA,R - - A,0.539934,R5,R 5 - -,0.266714,55A,- 5 5 A,6.490454,R5A,R 5 - A,5.763205
R5AA,1,0,9,1.791257,1.02439,-0.285196,0.623809,0.065668,1.086989,1.395944,R,R - - -,0.35774,5AA,- 5 A A,0.864433,RAA,R - A A,0.728606,R,R - - -,0.587455,R,R - - -,1.157081,RAA,R - A A,0.631875,RA,R - A -,0.539934,AA,- - A A,6.462246,R5A,R 5 A -,5.763205
R644,1,0,12,2.756479,0.938002,0.524357,0.596122,0.35292,0.853969,1.310696,R,R - - -,0.35774,4,- - 4 -,0.051355,R44,R - 4 4,0.517759,R,R - - -,0.587455,R,R - - -,1.157081,R6,R 6 - -,0.359634,R4,R - 4 -,0.112899,44,- - 4 4,6.405498,R64,R 6 4 -,5.75489
R64A,0,0,16,2.737479,2.737479,0.653666,0.596931,0.236839,1.156821,1.371582,R,R - - -,0.35774,4A,- - 4 A,0.496518,R,R - - -,0.340063,R,R - - -,0.587455,R,R - - -,1.157081,RA,R - - A,0.539934,R6,R 6 - -,0.359634,R,R - - -,6.391594,R6A,R 6 - A,5.751107
R654,0,0,16,3.206548,2.480316,0.974426,0.584055,0.35916,1.184132,1.75044,R,R - - -,0.35774,4,- - - 4,0.051355,R,R - - -,0.340063,R65,R 6 5 -,1.079162,R,R - - -,1.157081,R65,R 6 5 -,0.430848,R6,R 6 - -,0.359634,R65,R 6 5 -,6.4129,R64,R 6 - 4,5.75489
R655,1,0,12,2.572791,1.846558,0.75473,0.583194,0.33306,0.832947,1.688726,R,R - - -,0.35774,,,0.002569,R55,R - 5 5,0.582746,R65,R 6 5 -,1.079162,R,R - - -,1.157081,R65,R 6 5 -,0.430848,R6,R 6 - -,0.359634,R65,R 6 5 -,6.4129,5,- - 5 -,6.093646
R65A,0,0,16,2.974534,2.248301,0.890721,0.587483,0.366982,1.156841,1.840851,R,R - - -,0.35774,A,- - - A,0.35774,R,R - - -,0.340063,R65,R 6 5 -,1.079162,R,R - - -,1.157081,RA,R - - A,0.539934,R65,R 6 5 -,0.430848,R65,R 6 5 -,6.4129,R6A,R 6 - A,5.751107
R664,1,0,11,2.482335,2.050835,0.250213,0.579421,0.368618,0.857446,1.17577,R,R - - -,0.35774,4,- - - 4,0.051355,R66,R 6 6 -,0.659451,R,R - - -,0.587455,R,R - - -,1.157081,R66,R 6 6 -,0.725581,R6,R 6 - -,0.359634,R66,R 6 6 -,6.65582,R64,R 6 - 4,5.75489
R665,1,0,12,2.436889,2.005389,0.618829,0.579034,0.333585,0.857446,1.608665,R,R - - -,0.35774,,,0.002569,R66,R 6 6 -,0.659451,R65,R 6 - 5,1.079162,R,R - - -,1.157081,R66,R 6 6 -,0.725581,R65,R 6 - 5,0.430848,R66,R 6 6 -,6.65582,5,- - - 5,6.093646
R666,1,0,2,0.191922,-0.308928,-1.575167,0.579036,0.335777,-0.041305,0.974339,R,R - - -,0.35774,,,0.002569,666,- 6 6 6,1.865242,R,R - - -,0.587455,R,R - - -,1.157081,R66,R 6 6 -,0.725581,666,- 6 6 6,0.656231,666,- 6 6 6,6.960483,6,- 6 - -,6.114352
R66A,1,0,12,2.428969,1.997469,0.345156,0.579807,0.503086,0.826204,1.325177,R,R - - -,0.35774,A,- - - A,0.35774,R66,R 6 6 -,0.659451,R,R - - -,0.587455,R,R - - -,1.157081,R66,R 6 6 -,0.725581,RA,R - - A,0.539934,R66,R 6 6 -,6.65582,R6A,R 6 - A,5.751107
R6AA,1,0,10,1.841452,1.074585,-0.242361,0.604122,0.102988,1.087017,1.387684,R,R - - -,0.35774,AA,- - A A,0.823639,RAA,R - A A,0.728606,R,R - - -,0.587455,R,R - - -,1.157081,RAA,R - A A,0.631875,RA,R - A -,0.539934,AA,- - A A,6.462246,R6A,R 6 A -,5.751107
R744,1,0,12,2.672678,2.040394,0.796009,0.549473,0.353233,0.853995,1.764028,R,R - - -,0.35774,4,- - 4 -,0.051355,R44,R - 4 4,0.517759,R74,R 7 4 -,1.078278,R,R - - -,1.157081,R7,R 7 - -,0.582288,R74,R 7 4 -,0.524797,R74,R 7 4 -,6.410021,4,- - 4 -,6.065928
R74A,0,0,16,2.725595,2.093311,0.721128,0.550522,0.295541,1.156841,1.838207,R,R - - -,0.35774,4A,- - 4 A,0.496518,R,R - - -,0.340063,R74,R 7 4 -,1.078278,R,R - - -,1.157081,R7,R 7 - -,0.582288,RA,R - - A,0.539934,R74,R 7 4 -,6.410021,R7A,R 7 - A,5.731606
R754,0,0,16,3.092602,2.460319,0.786682,0.533921,0.361717,1.184152,1.683167,R,R - - -,0.35774,4,- - - 4,0.051355,R,R - - -,0.340063,R74,R 7 - 4,1.078278,R,R - - -,1.157081,R7,R 7 - -,0.582288,R74,R 7 - 4,0.524797,R74,R 7 - 4,6.410021,R54,R - 5 4,5.767044
R755,1,0,12,2.408946,2.408946,0.137126,0.532813,0.333114,0.832973,1.083475,R,R - - -,0.35774,,,0.002569,R55,R - 5 5,0.582746,R,R - - -,0.587455,R,R - - -,1.157081,R7,R 7 - -,0.582288,R5,R - 5 -,0.266714,R,R - - -,6.391594,75,- 7 5 -,6.008497
R75A,0,0,16,2.936131,2.936131,0.931664,0.538329,0.40484,1.156862,1.322017,R,R - - -,0.35774,A,- - - A,0.35774,R,R - - -,0.340063,R,R - - -,0.587455,R,R - - -,1.157081,R7,R 7 - -,0.582288,RA,R - - A,0.539934,R,R - - -,6.391594,R7A,R 7 - A,5.731606
R764,0,0,15,2.976182,2.343899,0.74406,0.514771,0.369832,1.184171,1.577762,R,R - - -,0.35774,4,- - - 4,0.051355,R,R - - -,0.340063,R74,R 7 - 4,1.078278,R,R - - -,1.157081,R7,R 7 - -,0.582288,R74,R 7 - 4,0.524797,R74,R 7 - 4,6.410021,R64,R - 6 4,5.75489
R765,0,0,15,2.864623,2.13839,-0.152432,0.51003,0.333862,1.184191,1.458993,R,R - - -,0.35774,,,0.002569,R,R - - -,0.340063,R65,R - 6 5,1.079162,R,R - - -,1.157081,R7,R 7 - -,0.582288,R65,R - 6 5,0.430848,R65,R - 6 5,6.4129,765,- 7 6 5,5.845089
R766,1,0,10,2.090164,1.658664,-0.316612,0.508839,0.335777,0.80564,0.890042,R,R - - -,0.35774,,,0.002569,R66,R - 6 6,0.659451,R,R - - -,0.587455,R,R - - -,1.157081,R66,R - 6 6,0.725581,R7,R 7 - -,0.582288,R66,R - 6 6,6.65582,76,- 7 6 -,5.996343
R76A,0,0,16,3.008048,3.008048,1.003581,0.519462,0.519462,1.156882,1.298158,R,R - - -,0.35774,A,- - - A,0.35774,R,R - - -,0.340063,R,R - - -,0.587455,R,R - - -,1.157081,R7,R 7 - -,0.582288,RA,R - - A,0.539934,R,R - - -,6.391594,R7A,R 7 - A,5.731606
R774,1,0,12,2.095714,1.800488,0.219046,0.502552,0.374467,0.832735,1.465263,R,R - - -,0.35774,4,- - - 4,0.051355,R77,R 7 7 -,0.749011,R74,R 7 - 4,1.078278,R,R - - -,1.157081,R77,R 7 7 -,0.861854,R7,R 7 - -,0.582288,R77,R 7 7 -,6.709483,4,- - - 4,6.065928
R775,1,0,10,2.03001,1.734784,-0.24181,0.502017,0.334836,0.832735,0.900115,R,R - - -,0.35774,,,0.002569,R77,R 7 7 -,0.749011,R,R - - -,0.587455,R,R - - -,1.157081,R77,R 7 7 -,0.861854,R7,R 7 - -,0.582288,R77,R 7 7 -,6.709483,75,- 7 - 5,6.008497
R776,1,0,10,1.933509,1.638283,-0.473267,0.501482,0.335812,0.832735,0.803174,R,R - - -,0.35774,,,0.002569,R77,R 7 7 -,0.749011,R,R - - -,0.587455,R,R - - -,1.157081,R77,R 7 7 -,0.861854,R7,R 7 - -,0.582288,R77,R 7 7 -,6.709483,76,- 7 - 6,5.996343
R777,1,1,1,-2.572009,-2.572009,-5.497908,0.501483,0.33591,-0.04247,-2.408479,R,R - - -,0.35774,,,0.002569,777,- 7 7 7,1.885636,777,- 7 7 7,1.181362,777,- 7 7 7,2.468854,R,R - - -,1.157081,R77,R 7 7 -,0.861854,777,- 7 7 7,7.604952,7,- 7 - -,6.147982
R77A,1,0,12,2.224352,1.929125,0.219885,0.503086,0.579807,0.798378,1.237945,R,R - - -,0.35774,A,- - - A,0.35774,R77,R 7 7 -,0.749011,R,R - - -,0.587455,R,R - - -,1.157081,R77,R 7 7 -,0.861854,R7,R 7 - -,0.582288,R77,R 7 7 -,6.709483,R7A,R 7 - A,5.731606
R7AA,1,0,10,1.845618,1.078751,-0.158849,0.559853,0.164343,1.087045,1.374736,R,R - - -,0.35774,AA,- - A A,0.823639,RAA,R - A A,0.728606,R,R - - -,0.587455,R,R - - -,1.157081,RAA,R - A A,0.631875,R7,R 7 - -,0.582288,AA,- - A A,6.462246,R7A,R 7 A -,5.731606
RAAA,1,0,2,0.041233,0.041233,-2.028664,0.635088,0.008415,0.114275,1.417199,R,R - - -,0.35774,AAA,- A A A,0.991778,AAA,- A A A,1.990825,R,R - - -,0.587455,AAA,- A A A,1.794054,R,R - - -,1.157081,RAA,R A A -,0.631875,AAA,- A A A,7.068539,A,- A - -,6.133815
RC44,1,0,11,2.413305,2.413305,0.126431,0.363376,0.353632,0.854047,1.590583,RC,R C - -,0.496518,4,- - 4 -,0.051355,R44,R - 4 4,0.517759,RC,R C - -,1.249986,RC,R C - -,1.567286,R,R - - -,1.157081,C,- C - -,0.29951,RC,R C - -,6.492885,4,- - 4 -,6.065928
RC4A,0,0,15,2.763367,2.763367,0.41035,0.365794,0.365794,1.156882,1.890695,RC,R C - -,0.496518,4A,- - 4 A,0.496518,R,R - - -,0.340063,RC,R C - -,1.249986,RC,R C - -,1.567286,R,R - - -,1.157081,RCA,R C - A,0.974762,RC,R C - -,6.492885,R4A,R - 4 A,5.779107
RC54,0,0,14,2.829454,2.829454,0.11333,0.327948,0.364794,1.184191,1.523158,RC,R C - -,0.496518,4,- - - 4,0.051355,R,R - - -,0.340063,RC,R C - -,1.249986,RC,R C - -,1.567286,R,R - - -,1.157081,RC5,R C 5 -,0.541525,RC,R C - -,6.492885,R54,R - 5 4,5.767044
RC55,1,0,9,2.162109,2.162109,-0.066156,0.32544,0.333182,0.833025,1.434995,RC,R C - -,0.496518,,,0.002569,R55,R - 5 5,0.582746,RC,R C - -,1.249986,RC,R C - -,1.567286,R,R - - -,1.157081,RC5,R C 5 -,0.541525,RC,R C - -,6.492885,5,- - 5 -,6.093646
RC5A,0,0,15,2.88428,2.88428,0.397623,0.337941,0.449516,1.156903,1.816942,RC,R C - -,0.496518,A,- - - A,0.35774,R,R - - -,0.340063,RC,R C - -,1.249986,RC,R C - -,1.567286,R,R - - -,1.157081,RCA,R C - A,0.974762,RC,R C - -,6.492885,R5A,R - 5 A,5.763205
RC64,0,0,14,2.711053,2.711053,0.068726,0.285115,0.372179,1.184211,1.440185,RC,R C - -,0.496518,4,- - - 4,0.051355,R,R - - -,0.340063,RC,R C - -,1.249986,RC,R C - -,1.567286,R,R - - -,1.157081,RC6,R C 6 -,0.676668,RC,R C - -,6.492885,R64,R - 6 4,5.75489
RC65,0,1,1,-1.054923,-1.054923,-3.283188,0.274612,0.334377,1.18423,-2.326292,RC,R C - -,0.496518,,,0.002569,R,R - - -,0.340063,RC,R C - -,1.249986,RC,R C - -,1.567286,R,R - - -,1.157081,RC6,R C 6 -,0.676668,RC,R C - -,6.492885,5,- - - 5,6.093646
RC66,1,1,2,0.182631,-0.659074,-1.994662,0.271977,0.335784,0.805692,-0.389583,RC,R C - -,0.496518,,,0.002569,R66,R - 6 6,0.659451,RC,R C - -,1.249986,RC,R C - -,1.567286,R,R - - -,1.157081,R66,R - 6 6,0.725581,R66,R - 6 6,6.65582,6,- - 6 -,6.114352
RC6A,0,0,15,2.846959,2.846959,0.352941,0.295541,0.550522,1.156923,1.720993,RC,R C - -,0.496518,A,- - - A,0.35774,R,R - - -,0.340063,RC,R C - -,1.249986,RC,R C - -,1.567286,R,R - - -,1.157081,RCA,R C - A,0.974762,RC,R C - -,6.492885,R6A,R - 6 A,5.751107
RC74,0,1,1,-1.10884,-1.10884,-3.395714,0.22582,0.375855,1.18423,-2.324109,RC,R C - -,0.496518,4,- - - 4,0.051355,R,R - - -,0.340063,RC,R C - -,1.249986,RC,R C - -,1.567286,R,R - - -,1.157081,RC7,R C 7 -,0.936216,RC,R C - -,6.492885,4,- - - 4,6.065928
RC75,0,1,4,0.819152,0.819152,-1.862872,0.214724,0.335085,1.18425,-0.393055,RC,R C - -,0.496518,,,0.002569,R,R - - -,0.340063,RC,R C - -,1.249986,RC,R C - -,1.567286,R,R - - -,1.157081,RC7,R C 7 -,0.936216,RC,R C - -,6.492885,75,- - 7 5,6.008497
RC76,0,1,9,1.701217,1.701217,-1.115764,0.20355,0.335848,1.184269,0.4994,RC,R C - -,0.496518,,,0.002569,R,R - - -,0.340063,RC,R C - -,1.249986,RC,R C - -,1.567286,R,R - - -,1.157081,RC7,R C 7 -,0.936216,RC,R C - -,6.492885,76,- - 7 6,5.996343
RC77,1,1,4,0.700589,-0.004843,-1.323741,0.200747,0.335907,0.771335,0.323398,RC,R C - -,0.496518,,,0.002569,R77,R - 7 7,0.749011,RC,R C - -,1.249986,RC,R C - -,1.567286,R,R - - -,1.157081,RC7,R C 7 -,0.936216,R77,R - 7 7,6.709483,7,- - 7 -,6.147982
RC7A,0,0,15,2.699582,2.699582,0.28491,0.236839,0.596931,1.156944,1.585889,RC,R C - -,0.496518,A,- - - A,0.35774,R,R - - -,0.340063,RC,R C - -,1.249986,RC,R C - -,1.567286,R,R - - -,1.157081,RCA,R C - A,0.974762,RC,R C - -,6.492885,R7A,R - 7 A,5.731606
RCAA,1,0,12,1.963353,1.963353,0.180034,0.387369,0.240531,1.087102,1.979815,RC,R C - -,0.496518,AA,- - A A,0.823639,RAA,R - A A,0.728606,RC,R C - -,1.249986,RC,R C - -,1.567286,R,R - - -,1.157081,RCA,R C A -,0.974762,RC,R C - -,6.492885,CA,- C A -,6.114817
RCC4,1,1,4,1.712179,1.712179,-2.001923,0.105376,0.378631,0.761987,0.836933,RCC,R C C -,0.514387,4,- - - 4,0.051355,RCC,R C C -,0.971243,RCC,R C C -,1.828279,RCC,R C C -,2.994515,CC,- C C -,1.72168,RC,R C - -,1.567286,RCC,R C C -,7.143634,4,- - - 4,6.065928
RCC5,1,1,4,1.560001,1.560001,-2.095493,0.104024,0.335523,0.761987,0.68043,RCC,R C C -,0.514387,,,0.002569,RCC,R C C -,0.971243,RCC,R C C -,1.828279,RCC,R C C -,2.994515,CC,- C C -,1.72168,RC,R C - -,1.567286,RCC,R C C -,7.143634,5,- - - 5,6.093646
RCC6,1,1,4,1.438514,1.438514,-2.166009,0.102671,0.335897,0.761987,0.559922,RCC,R C C -,0.514387,,,0.002569,RCC,R C C -,0.971243,RCC,R C C -,1.828279,RCC,R C C -,2.994515,CC,- C C -,1.72168,RC,R C - -,1.567286,RCC,R C C -,7.143634,6,- - - 6,6.114352
RCC7,1,1,3,1.290157,1.290157,-2.161402,0.101319,0.335909,0.761987,0.412906,RCC,R C C -,0.514387,,,0.002569,RCC,R C C -,0.971243,RCC,R C C -,1.828279,RCC,R C C -,2.994515,CC,- C C -,1.72168,RC,R C - -,1.567286,RCC,R C C -,7.143634,7,- - - 7,6.147982
RCCA,1,1,1,-0.921413,-0.921413,-4.131961,0.106729,0.629808,0.718941,-1.699758,RCC,R C C -,0.514387,A,- - - A,0.35774,RCC,R C C -,0.971243,RCC,R C C -,1.828279,RCC,R C C -,2.994515,CC,- C C -,1.72168,CCA,- C C A,1.629809,RCC,R C C -,7.143634,CA,- C - A,6.114817
RCCC,1,1,1,-0.310978,-0.310978,-3.621528,0.099966,0.335912,-0.044076,0.279838,RCC,R C C -,0.514387,,,0.002569,CCC,- C C C,1.927642,CCC,- C C C,1.828383,CCC,- C C C,3.290363,RCC,R C C -,2.994515,CC,- C C -,1.72168,CCC,- C C C,7.671674,,,6.207333
RCCS,1,1,2,1.155642,1.155642,-1.859059,0.099966,0.335909,0.761987,0.279849,RCC,R C C -,0.514387,,,0.002569,RCC,R C C -,0.971243,CCS,- C C S,1.828385,RCC,R C C -,2.994515,CCS,- C C S,1.822244,CC,- C C -,1.72168,RCC,R C C -,7.143634,,,6.207333
RCS4,0,1,9,1.470854,1.470854,-0.889343,0.147633,0.377577,1.18425,0.836971,RC,R C - -,0.496518,4,- - - 4,0.051355,R,R - - -,0.340063,RCS,R C S -,1.82825,RCS,R C S -,1.64061,RC,R C - -,1.567286,RS,R - S -,1.390065,RCS,R C S -,6.543566,4,- - - 4,6.065928
RCS5,0,1,7,1.309084,1.309084,-0.992505,0.135776,0.335367,1.184269,0.680462,RC,R C - -,0.496518,,,0.002569,R,R - - -,0.340063,RCS,R C S -,1.82825,RCS,R C S -,1.64061,RC,R C - -,1.567286,RS,R - S -,1.390065,RCS,R C S -,6.543566,5,- - - 5,6.093646
RCS6,0,1,7,1.177157,1.177157,-1.07346,0.123839,0.335882,1.184289,0.559937,RC,R C - -,0.496518,,,0.002569,R,R - - -,0.340063,RCS,R C S -,1.82825,RCS,R C S -,1.64061,RC,R C - -,1.567286,RS,R - S -,1.390065,RCS,R C S -,6.543566,6,- - - 6,6.114352
RCS7,0,1,7,1.018165,1.018165,-1.079489,0.111824,0.335907,1.184308,0.412916,RC,R C - -,0.496518,,,0.002569,R,R - - -,0.340063,RCS,R C S -,1.82825,RCS,R C S -,1.64061,RC,R C - -,1.567286,RS,R - S -,1.390065,RCS,R C S -,6.543566,7,- - - 7,6.147982
RCSA,0,1,1,-1.147806,-1.147806,-3.093978,0.159412,0.61757,1.156964,-1.699791,RC,R C - -,0.496518,A,- - - A,0.35774,R,R - - -,0.340063,RCS,R C S -,1.82825,RCS,R C S -,1.64061,RC,R C - -,1.567286,RS,R - S -,1.390065,RCS,R C S -,6.543566,SA,- - S A,6.114806
RCSS,1,1,3,0.85948,0.85948,-1.746411,0.108811,0.335909,0.729241,0.279849,RC,R C - -,0.496518,,,0.002569,RSS,R - S S,0.852562,CSS,- C S S,1.828385,RSS,R - S S,2.585705,CSS,- C S S,1.746555,RCS,R C S -,1.64061,RSS,R - S S,7.143579,,,6.207333
RR44,1,0,1,-0.116523,-0.116523,-4.220558,0.237849,0.353759,-2.00142,1.590644,RR,R R - -,0.823639,4,- - 4 -,0.051355,RR,R R - -,1.556904,RR,R R - -,1.249904,RR,R R - -,3.384447,RR4,R R 4 -,2.37706,R,R - - -,1.157081,RR,R R - -,6.952996,4,- - 4 -,6.065928
RR4A,1,0,5,2.391453,2.391453,-1.778726,0.240531,0.387369,0.681431,1.890712,RR,R R - -,0.823639,4A,- - 4 A,0.496518,RRA,R R - A,1.622976,RR,R R - -,1.249904,RR,R R - -,3.384447,RRA,R R - A,3.283272,RR4,R R 4 -,2.37706,RR,R R - -,6.952996,R4A,R - 4 A,5.779107
RR54,1,0,5,2.467702,2.467702,-2.065584,0.199077,0.365741,0.677033,1.523206,RR,R R - -,0.823639,4,- - - 4,0.051355,RR,R R - -,1.556904,RR,R R - -,1.249904,RR,R R - -,3.384447,RR5,R R 5 -,2.627982,RR4,R R - 4,2.37706,RR,R R - -,6.952996,R54,R - 5 4,5.767044
RR55,1,0,1,-0.310413,-0.310413,-4.35584,0.196357,0.333203,-2.02645,1.435047,RR,R R - -,0.823639,,,0.002569,RR,R R - -,1.556904,RR,R R - -,1.249904,RR,R R - -,3.384447,RR5,R R 5 -,2.627982,R,R - - -,1.157081,RR,R R - -,6.952996,5,- - 5 -,6.093646
RR5A,1,0,5,2.501614,2.501614,-1.802205,0.209943,0.463087,0.681431,1.816965,RR,R R - -,0.823639,A,- - - A,0.35774,RRA,R R - A,1.622976,RR,R R - -,1.249904,RR,R R - -,3.384447,RRA,R R - A,3.283272,RR5,R R 5 -,2.627982,RR,R R - -,6.952996,R5A,R - 5 A,5.763205
RR64,1,0,5,2.34609,2.34609,-2.113398,0.153292,0.372896,0.677033,1.440224,RR,R R - -,0.823639,4,- - - 4,0.051355,RR,R R - -,1.556904,RR,R R - -,1.249904,RR,R R - -,3.384447,RR6,R R 6 -,2.758343,RR4,R R - 4,2.37706,RR,R R - -,6.952996,R64,R - 6 4,5.75489
RR65,1,1,1,-1.421173,-1.421173,-5.466599,0.142209,0.334526,0.677033,-2.326372,RR,R R - -,0.823639,,,0.002569,RR,R R - -,1.556904,RR,R R - -,1.249904,RR,R R - -,3.384447,RR6,R R 6 -,2.758343,RR5,R R - 5,2.627982,RR,R R - -,6.952996,5,- - - 5,6.093646
RR66,1,1,1,-2.214489,-2.214489,-6.208943,0.139434,0.335785,-2.051548,-0.389591,RR,R R - -,0.823639,,,0.002569,RR,R R - -,1.556904,RR,R R - -,1.249904,RR,R R - -,3.384447,RR6,R R 6 -,2.758343,R,R - - -,1.157081,RR,R R - -,6.952996,6,- - 6 -,6.114352
RR6A,1,0,5,2.456834,2.456834,-1.854344,0.164343,0.559853,0.681431,1.72102,RR,R R - -,0.823639,A,- - - A,0.35774,RRA,R R - A,1.622976,RR,R R - -,1.249904,RR,R R - -,3.384447,RRA,R R - A,3.283272,RR6,R R 6 -,2.758343,RR,R R - -,6.952996,R6A,R - 6 A,5.751107
RR74,1,1,1,-1.476378,-1.476378,-5.580412,0.091687,0.376446,0.677033,-2.324189,RR,R R - -,0.823639,4,- - - 4,0.051355,RR,R R - -,1.556904,RR,R R - -,1.249904,RR,R R - -,3.384447,RR7,R R 7 -,3.010903,RR4,R R - 4,2.37706,RR,R R - -,6.952996,4,- - - 4,6.065928
RR75,1,1,3,0.450935,0.450935,-4.048251,0.080353,0.335185,0.677033,-0.393068,RR,R R - -,0.823639,,,0.002569,RR,R R - -,1.556904,RR,R R - -,1.249904,RR,R R - -,3.384447,RR7,R R 7 -,3.010903,RR5,R R - 5,2.627982,RR,R R - -,6.952996,75,- - 7 5,6.008497
RR76,1,1,4,1.33279,1.33279,-3.301352,0.068987,0.335861,0.677033,0.499478,RR,R R - -,0.823639,,,0.002569,RR,R R - -,1.556904,RR,R R - -,1.249904,RR,R R - -,3.384447,RR7,R R 7 -,3.010903,RR6,R R - 6,2.758343,RR,R R - -,6.952996,76,- - 7 6,5.996343
RR77,1,1,1,-1.599764,-1.599764,-5.441255,0.066142,0.335906,-2.076712,0.323469,RR,R R - -,0.823639,,,0.002569,RR,R R - -,1.556904,RR,R R - -,1.249904,RR,R R - -,3.384447,RR7,R R 7 -,3.010903,R,R - - -,1.157081,RR,R R - -,6.952996,7,- - 7 -,6.147982
RR7A,1,0,5,2.304649,2.304649,-1.927184,0.102988,0.604122,0.681431,1.58592,RR,R R - -,0.823639,A,- - - A,0.35774,RRA,R R - A,1.622976,RR,R R - -,1.249904,RR,R R - -,3.384447,RRA,R R - A,3.283272,RR7,R R 7 -,3.010903,RR,R R - -,6.952996,R7A,R - 7 A,5.731606
RRAA,1,0,1,-0.475375,-0.475375,-4.135665,0.264586,0.264586,-1.848642,1.979805,RR,R R - -,0.823639,AA,- - A A,0.823639,RRA,R R A -,1.622976,RR,R R - -,1.249904,RR,R R - -,3.384447,RRA,R R A -,3.283272,R,R - - -,1.157081,RR,R R - -,6.952996,A,- - A -,6.133815
RRC4,1,1,3,1.327101,1.327101,-3.170113,0.029653,0.378748,0.677033,0.837032,RRC,R R C -,0.936564,4,- - - 4,0.051355,RR,R R - -,1.556904,RRC,R R C -,1.828169,RRC,R R C -,3.777625,RR,R R - -,3.384447,RR4,R R - 4,2.37706,RRC,R R C -,6.99444,4,- - - 4,6.065928
RRC5,1,1,4,1.164121,1.164121,-3.274484,0.017621,0.335538,0.677033,0.680509,RRC,R R C -,0.936564,,,0.002569,RR,R R - -,1.556904,RRC,R R C -,1.828169,RRC,R R C -,3.777625,RR,R R - -,3.384447,RR5,R R - 5,2.627982,RRC,R R C -,6.99444,5,- - - 5,6.093646
RRC6,1,1,4,1.031873,1.031873,-3.355761,0.005557,0.335896,0.677033,0.559967,RRC,R R C -,0.936564,,,0.002569,RR,R R - -,1.556904,RRC,R R C -,1.828169,RRC,R R C -,3.777625,RR,R R - -,3.384447,RR6,R R - 6,2.758343,RRC,R R C -,6.99444,6,- - - 6,6.114352
RRC7,1,1,4,0.872751,0.872751,-3.361918,-0.006541,0.335907,0.677033,0.412932,RRC,R R C -,0.936564,,,0.002569,RR,R R - -,1.556904,RRC,R R C -,1.828169,RRC,R R C -,3.777625,RR,R R - -,3.384447,RR7,R R - 7,3.010903,RRC,R R C -,6.99444,7,- - - 7,6.147982
RRCA,1,1,1,-1.313434,-1.313434,-5.307093,0.041653,0.631174,0.681431,-1.699869,RRC,R R C -,0.936564,A,- - - A,0.35774,RRA,R R - A,1.622976,RRC,R R C -,1.828169,RRC,R R C -,3.777625,RR,R R - -,3.384447,RRA,R R - A,3.283272,RRC,R R C -,6.99444,CA,- - C A,6.114817
RRCC,1,1,1,-2.079891,-2.863002,-5.877703,-0.021707,0.335908,-2.12724,0.279838,RRC,R R C -,0.936564,,,0.002569,RR,R R - -,1.556904,RCC,R - C C,1.828279,RRC,R R C -,3.777625,RR,R R - -,3.384447,RCC,R - C C,2.994515,RCC,R - C C,7.143634,,,6.207333
RRCS,1,1,4,0.72745,0.654941,-3.070362,-0.018671,0.335907,0.677033,0.279842,RRC,R R C -,0.936564,,,0.002569,RR,R R - -,1.556904,RCS,R - C S,1.82825,RRC,R R C -,3.777625,RRS,R R - S,3.705116,RR,R R - -,3.384447,RRS,R R - S,6.99444,,,6.207333
RRR4,1,1,2,1.049111,1.049111,-4.556257,0.005699,0.37909,0.199186,0.837082,RRR,R R R -,0.991778,4,- - - 4,0.051355,RRR,R R R -,2.386485,RRR,R R R -,1.828108,RRR,R R R -,4.885781,RR,R R - -,3.384447,RR4,R R - 4,2.37706,RRR,R R R -,7.656575,4,- - - 4,6.065928
RRR5,1,1,2,0.895142,0.895142,-4.651618,0.002982,0.335585,0.199186,0.680549,RRR,R R R -,0.991778,,,0.002569,RRR,R R R -,2.386485,RRR,R R R -,1.828108,RRR,R R R -,4.885781,RR,R R - -,3.384447,RR5,R R - 5,2.627982,RRR,R R R -,7.656575,5,- - - 5,6.093646
RRR6,1,1,2,0.772183,0.772183,-4.723606,0.000266,0.335899,0.199186,0.559991,RRR,R R R -,0.991778,,,0.002569,RRR,R R R -,2.386485,RRR,R R R -,1.828108,RRR,R R R -,4.885781,RR,R R - -,3.384447,RR6,R R - 6,2.758343,RRR,R R R -,7.656575,6,- - - 6,6.114352
RRR7,1,1,2,0.622429,0.622429,-4.720396,-0.00245,0.335906,0.199186,0.412946,RRR,R R R -,0.991778,,,0.002569,RRR,R R R -,2.386485,RRR,R R R -,1.828108,RRR,R R R -,4.885781,RR,R R - -,3.384447,RR7,R R - 7,3.010903,RRR,R R R -,7.656575,7,- - - 7,6.147982
RRRA,1,1,1,-1.54022,-1.54022,-6.701844,0.008415,0.635088,0.194535,-1.699928,RRR,R R R -,0.991778,A,- - - A,0.35774,RRR,R R R -,2.386485,RRR,R R R -,1.828108,RRR,R R R -,4.885781,RR,R R - -,3.384447,RRA,R R - A,3.283272,RRR,R R R -,7.656575,A,- - - A,6.133815
RRRC,1,1,2,0.483816,0.483816,-4.42215,-0.007883,0.335906,0.199186,0.279828,RRR,R R R -,0.991778,,,0.002569,RRR,R R R -,2.386485,RRC,R R - C,1.828169,RRR,R R R -,4.885781,RRC,R R - C,3.777625,RR,R R - -,3.384447,RRR,R R R -,7.656575,,,6.207333
RRRR,1,1,1,-0.983019,-0.983019,-5.888986,-0.008222,0.335906,-1.267347,0.279804,RRR,R R R -,0.991778,,,0.002569,RRR,R R R -,2.386485,RRR,R R R -,1.828108,RRR,R R R -,4.885781,RR,R R - -,3.384447,R,R - - -,1.157081,RRR,R R R -,7.656575,,,6.207333
RRRS,1,1,2,0.486533,0.486533,-4.419434,-0.005166,0.335906,0.199186,0.279828,RRR,R R R -,0.991778,,,0.002569,RRR,R R R -,2.386485,RRS,R R - S,1.828169,RRR,R R R -,4.885781,RRS,R R - S,3.705116,RR,R R - -,3.384447,RRR,R R R -,7.656575,,,6.207333
RRS4,1,1,4,1.350481,1.350481,-3.074223,0.054051,0.37811,0.677033,0.837032,RRS,R R S -,0.864433,4,- - - 4,0.051355,RR,R R - -,1.556904,RRS,R R S -,1.828169,RRS,R R S -,3.705116,RR,R R - -,3.384447,RR4,R R - 4,2.37706,RRS,R R S -,6.99444,4,- - - 4,6.065928
RRS5,1,1,4,1.188431,1.188431,-3.177665,0.042401,0.335447,0.677033,0.680509,RRS,R R S -,0.864433,,,0.002569,RR,R R - -,1.556904,RRS,R R S -,1.828169,RRS,R R S -,3.705116,RR,R R - -,3.384447,RR5,R R - 5,2.627982,RRS,R R S -,6.99444,5,- - - 5,6.093646
RRS6,1,1,4,1.056649,1.056649,-3.258475,0.030719,0.335889,0.677033,0.559967,RRS,R R S -,0.864433,,,0.002569,RR,R R - -,1.556904,RRS,R R S -,1.828169,RRS,R R S -,3.705116,RR,R R - -,3.384447,RR6,R R - 6,2.758343,RRS,R R S -,6.99444,6,- - - 6,6.114352
RRS7,1,1,4,0.897917,0.897917,-3.264243,0.019005,0.335907,0.677033,0.412932,RRS,R R S -,0.864433,,,0.002569,RR,R R - -,1.556904,RRS,R R S -,1.828169,RRS,R R S -,3.705116,RR,R R - -,3.384447,RR7,R R - 7,3.010903,RRS,R R S -,6.99444,7,- - - 7,6.147982
RRSA,1,1,1,-1.297163,-1.297163,-5.307841,0.065668,0.623809,0.681431,-1.699869,RRS,R R S -,0.864433,A,- - - A,0.35774,RRA,R R - A,1.622976,RRS,R R S -,1.828169,RRS,R R S -,3.705116,RR,R R - -,3.384447,RRA,R R - A,3.283272,RRS,R R S -,6.99444,SA,- - S A,6.114806
RRSS,1,1,1,-2.017194,-3.136605,-5.742496,0.016072,0.335908,-2.101942,0.279838,RRS,R R S -,0.864433,,,0.002569,RR,R R - -,1.556904,RSS,R - S S,1.828279,RRS,R R S -,3.705116,RR,R R - -,3.384447,RSS,R - S S,2.585705,RSS,R - S S,7.143579,,,6.207333
RS44,1,0,12,2.459291,2.459291,0.349638,0.447992,0.35347,0.854021,1.590583,R,R - - -,0.35774,4,- - 4 -,0.051355,R44,R - 4 4,0.517759,RS,R S - -,1.249986,RS,R S - -,1.390065,R,R - - -,1.157081,S,- S - -,0.183774,RS,R S - -,6.492874,4,- - 4 -,6.065928
RS4A,0,0,16,2.780772,2.780772,0.604976,0.449516,0.337941,1.156862,1.890695,R,R - - -,0.35774,4A,- - 4 A,0.496518,R,R - - -,0.340063,RS,R S - -,1.249986,RS,R S - -,1.390065,R,R - - -,1.157081,RSA,R S - A,0.782323,RS,R S - -,6.492874,R4A,R - 4 A,5.779107
RS54,0,0,15,2.887364,2.887364,0.34846,0.425542,0.363572,1.184171,1.523158,R,R - - -,0.35774,4,- - - 4,0.051355,R,R - - -,0.340063,RS,R S - -,1.249986,RS,R S - -,1.390065,R,R - - -,1.157081,RS5,R S 5 -,0.330632,RS,R S - -,6.492874,R54,R - 5 4,5.767044
RS55,1,0,11,2.22212,2.22212,0.171075,0.423948,0.333154,0.832999,1.434995,R,R - - -,0.35774,,,0.002569,R55,R - 5 5,0.582746,RS,R S - -,1.249986,RS,R S - -,1.390065,R,R - - -,1.157081,RS5,R S 5 -,0.330632,RS,R S - -,6.492874,5,- - 5 -,6.093646
RS5A,0,0,16,2.922139,2.922139,0.612703,0.43189,0.43189,1.156882,1.816942,R,R - - -,0.35774,A,- - - A,0.35774,R,R - - -,0.340063,RS,R S - -,1.249986,RS,R S - -,1.390065,R,R - - -,1.157081,RSA,R S - A,0.782323,RS,R S - -,6.492874,R5A,R - 5 A,5.763205
RS64,0,0,14,2.784699,2.784699,0.319593,0.398152,0.37125,1.184191,1.440185,R,R - - -,0.35774,4,- - - 4,0.051355,R,R - - -,0.340063,RS,R S - -,1.249986,RS,R S - -,1.390065,R,R - - -,1.157081,RS6,R S 6 -,0.45744,RS,R S - -,6.492874,R64,R - 6 4,5.75489
RS65,0,1,1,-0.976794,-0.976794,-3.027839,0.391403,0.334177,1.184211,-2.326292,R,R - - -,0.35774,,,0.002569,R,R - - -,0.340063,RS,R S - -,1.249986,RS,R S - -,1.390065,R,R - - -,1.157081,RS6,R S 6 -,0.45744,RS,R S - -,6.492874,5,- - - 5,6.093646
RS66,1,1,3,0.261891,-0.402593,-1.738182,0.389709,0.335781,0.805666,-0.389583,R,R - - -,0.35774,,,0.002569,R66,R - 6 6,0.659451,RS,R S - -,1.249986,RS,R S - -,1.390065,R,R - - -,1.157081,R66,R - 6 6,0.725581,R66,R - 6 6,6.65582,6,- - 6 -,6.114352
RS6A,0,0,16,2.9056,2.9056,0.588804,0.40484,0.538329,1.156903,1.720993,R,R - - -,0.35774,A,- - - A,0.35774,R,R - - -,0.340063,RS,R S - -,1.249986,RS,R S - -,1.390065,R,R - - -,1.157081,RSA,R S - A,0.782323,RS,R S - -,6.492874,R6A,R - 6 A,5.751107
RS74,0,1,1,-1.014066,-1.014066,-3.123718,0.359826,0.375085,1.184211,-2.324109,R,R - - -,0.35774,4,- - - 4,0.051355,R,R - - -,0.340063,RS,R S - -,1.249986,RS,R S - -,1.390065,R,R - - -,1.157081,RS7,R S 7 -,0.705169,RS,R S - -,6.492874,4,- - - 4,6.065928
RS75,0,1,5,0.918439,0.918439,-1.586365,0.352609,0.334948,1.18423,-0.393055,R,R - - -,0.35774,,,0.002569,R,R - - -,0.340063,RS,R S - -,1.249986,RS,R S - -,1.390065,R,R - - -,1.157081,RS7,R S 7 -,0.705169,RS,R S - -,6.492874,75,- - 7 5,6.008497
RS76,0,1,10,1.804515,1.804515,-0.835245,0.345331,0.335828,1.18425,0.4994,R,R - - -,0.35774,,,0.002569,R,R - - -,0.340063,RS,R S - -,1.249986,RS,R S - -,1.390065,R,R - - -,1.157081,RS7,R S 7 -,0.705169,RS,R S - -,6.492874,76,- - 7 6,5.996343
RS77,1,1,5,0.804876,0.276666,-1.042233,0.343504,0.335907,0.771309,0.323398,R,R - - -,0.35774,,,0.002569,R77,R - 7 7,0.749011,RS,R S - -,1.249986,RS,R S - -,1.390065,R,R - - -,1.157081,R77,R - 7 7,0.861854,R77,R - 7 7,6.709483,7,- - 7 -,6.147982
RS7A,0,0,15,2.781814,2.781814,0.544362,0.366982,0.587483,1.156923,1.585889,R,R - - -,0.35774,A,- - - A,0.35774,R,R - - -,0.340063,RS,R S - -,1.249986,RS,R S - -,1.390065,R,R - - -,1.157081,RSA,R S - A,0.782323,RS,R S - -,6.492874,R7A,R - 7 A,5.731606
RSAA,1,0,12,1.970012,1.970012,0.274386,0.463087,0.209943,1.087074,1.979815,R,R - - -,0.35774,AA,- - A A,0.823639,RAA,R - A A,0.728606,RS,R S - -,1.249986,RS,R S - -,1.390065,R,R - - -,1.157081,RSA,R S A -,0.782323,RS,R S - -,6.492874,SA,- S A -,6.114806
RSS4,1,1,5,1.843413,1.843413,-1.46188,0.33222,0.377337,0.801153,0.836933,R,R - - -,0.35774,4,- - - 4,0.051355,RSS,R S S -,0.852562,RSS,R S S -,1.828279,RSS,R S S -,2.585705,SS,- S S -,1.486591,RS,R S - -,1.390065,RSS,R S S -,7.143579,4,- - - 4,6.065928
RSS5,1,1,5,1.692869,1.692869,-1.553815,0.3314,0.335331,0.801153,0.68043,R,R - - -,0.35774,,,0.002569,RSS,R S S -,0.852562,RSS,R S S -,1.828279,RSS,R S S -,2.585705,SS,- S S -,1.486591,RS,R S - -,1.390065,RSS,R S S -,7.143579,5,- - - 5,6.093646
RSS6,1,1,5,1.572089,1.572089,-1.623624,0.330579,0.33588,0.801153,0.559922,R,R - - -,0.35774,,,0.002569,RSS,R S S -,0.852562,RSS,R S S -,1.828279,RSS,R S S -,2.585705,SS,- S S -,1.486591,RS,R S - -,1.390065,RSS,R S S -,7.143579,6,- - - 6,6.114352
RSS7,1,1,4,1.424281,1.424281,-1.618469,0.329759,0.335908,0.801153,0.412906,R,R - - -,0.35774,,,0.002569,RSS,R S S -,0.852562,RSS,R S S -,1.828279,RSS,R S S -,2.585705,SS,- S S -,1.486591,RS,R S - -,1.390065,RSS,R S S -,7.143579,7,- - - 7,6.147982
RSSA,1,1,1,-0.79971,-0.79971,-3.690977,0.33304,0.614735,0.762889,-1.699758,R,R - - -,0.35774,A,- - - A,0.35774,RSS,R S S -,0.852562,RSS,R S S -,1.828279,RSS,R S S -,2.585705,SS,- S S -,1.486591,SSA,- S S A,1.432661,RSS,R S S -,7.143579,SA,- S - A,6.114806
RSSS,1,1,1,-0.024346,-0.024346,-3.213198,0.329759,0.335912,-0.043398,0.279838,R,R - - -,0.35774,,,0.002569,SSS,- S S S,1.906431,SSS,- S S S,1.828383,SSS,- S S S,3.168666,RSS,R S S -,2.585705,SS,- S S -,1.486591,SSS,- S S S,7.671674,,,6.207333
S444,1,0,2,0.171462,0.171462,-1.079936,0.335528,0.352292,0.053774,1.365142,,,0.002569,4,- 4 - -,0.051355,444,- 4 4 4,1.825611,S,S - - -,0.58755,444,- 4 4 4,0.531811,S,S - - -,0.183774,(none),- - - -,-0.020186,444,- 4 4 4,7.041516,4,- 4 - -,6.065928
S44A,1,0,11,1.297993,0.863103,-0.179498,0.335523,0.104024,0.78465,1.39503,,,0.002569,44A,- 4 4 A,0.514387,44A,- 4 4 A,0.400503,S,S - - -,0.58755,S,S - - -,0.183774,(none),- - - -,-0.020186,44A,- 4 4 A,-0.251116,44A,- 4 4 A,6.525845,S4A,S 4 - A,5.795301
S4AA,1,0,8,1.016984,1.016984,-0.666947,0.335538,0.017621,1.025248,1.406592,,,0.002569,4AA,- 4 A A,0.936564,AA,- - A A,0.631546,S,S - - -,0.58755,AA,- - A A,0.390214,S,S - - -,0.183774,4AA,- 4 A A,0.01175,AA,- - A A,6.462246,S4A,S 4 A -,5.795301
S544,1,0,12,1.947657,1.102486,0.075978,0.33536,0.352417,0.687637,1.337383,,,0.002569,4,- - 4 -,0.051355,44,- - 4 4,0.307441,S,S - - -,0.58755,S,S - - -,0.183774,(none),- - - -,-0.020186,S5,S 5 - -,-0.56826,44,- - 4 4,6.405498,S54,S 5 4 -,5.784296
S54A,0,0,15,1.790875,1.790875,0.160345,0.335367,0.135776,0.804567,1.3829,,,0.002569,4A,- - 4 A,0.496518,A,- - - A,-0.035128,S,S - - -,0.58755,S,S - - -,0.183774,(none),- - - -,-0.020186,A,- - - A,-0.275844,S,S - - -,6.300295,S5A,S 5 - A,5.779396
S554,1,0,12,1.883314,1.046362,0.011635,0.335328,0.35679,0.70652,1.307913,,,0.002569,4,- - - 4,0.051355,55,- 5 5 -,0.365538,S,S - - -,0.58755,S,S - - -,0.183774,(none),- - - -,-0.020186,S5,S 5 - -,-0.56826,55,- 5 5 -,6.373291,S54,S 5 - 4,5.784296
S555,1,0,2,0.050987,0.050987,-1.137047,0.335332,0.333033,0.052813,1.240681,,,0.002569,,,0.002569,555,- 5 5 5,1.845237,S,S - - -,0.58755,555,- 5 5 5,0.527054,S,S - - -,0.183774,(none),- - - -,-0.020186,555,- 5 5 5,6.988013,5,- 5 - -,6.093646
S55A,1,0,11,1.583108,0.940154,-0.047421,0.335331,0.3314,0.769928,1.369231,,,0.002569,A,- - - A,0.35774,55A,- 5 5 A,0.458696,S,S - - -,0.58755,S,S - - -,0.183774,(none),- - - -,-0.020186,A,- - - A,-0.275844,55A,- 5 5 A,6.490454,S5A,S 5 - A,5.779396
S5AA,1,0,10,1.103212,1.103212,-0.733757,0.335447,0.042401,1.025275,1.395974,,,0.002569,5AA,- 5 A A,0.864433,AA,- - A A,0.631546,S,S - - -,0.58755,AA,- - A A,0.390214,S,S - - -,0.183774,(none),- - - -,-0.020186,AA,- - A A,6.462246,S5A,S 5 A -,5.779396
S644,1,0,12,1.921063,1.075892,0.101008,0.335076,0.352807,0.687662,1.310659,,,0.002569,4,- - 4 -,0.051355,44,- - 4 4,0.307441,S,S - - -,0.58755,S,S - - -,0.183774,(none),- - - -,-0.020186,S6,S 6 - -,-0.491267,44,- - 4 4,6.405498,S64,S 6 4 -,5.772143
S64A,0,0,16,1.858253,1.858253,0.195364,0.335085,0.214724,0.804586,1.371593,,,0.002569,4A,- - 4 A,0.496518,A,- - - A,-0.035128,S,S - - -,0.58755,S,S - - -,0.183774,(none),- - - -,-0.020186,A,- - - A,-0.275844,S,S - - -,6.300295,S6A,S 6 - A,5.767299
S654,0,0,16,2.361912,2.03894,0.541857,0.334899,0.358199,0.770449,1.750387,,,0.002569,4,- - - 4,0.051355,,,-0.097363,S65,S 6 5 -,1.079235,S,S - - -,0.183774,(none),- - - -,-0.020186,S65,S 6 5 -,-0.139197,S65,S 6 5 -,6.430165,S64,S 6 - 4,5.772143
S655,1,0,12,1.75756,1.434589,0.912806,0.334888,0.333042,0.667109,1.688659,,,0.002569,,,0.002569,55,- - 5 5,0.365538,S65,S 6 5 -,1.079235,S,S - - -,0.183774,(none),- - - -,-0.020186,S65,S 6 5 -,-0.139197,S65,S 6 5 -,6.430165,5,- - 5 -,6.093646
S65A,0,0,16,2.112352,1.78938,0.449462,0.334948,0.352609,0.804606,1.840831,,,0.002569,A,- - - A,0.35774,A,- - - A,-0.035128,S65,S 6 5 -,1.079235,S,S - - -,0.183774,(none),- - - -,-0.020186,S65,S 6 5 -,-0.139197,S65,S 6 5 -,6.430165,S6A,S 6 - A,5.767299
S664,1,0,11,1.675064,1.449422,-0.144991,0.334832,0.36854,0.688482,1.175717,,,0.002569,4,- - - 4,0.051355,66,- 6 6 -,0.434805,S,S - - -,0.58755,S,S - - -,0.183774,(none),- - - -,-0.020186,S66,S 6 6 -,-0.041868,S66,S 6 6 -,6.514555,S64,S 6 - 4,5.772143
S665,1,0,12,1.630069,1.404427,0.785315,0.334826,0.333568,0.688482,1.608598,,,0.002569,,,0.002569,66,- 6 6 -,0.434805,S65,S 6 - 5,1.079235,S,S - - -,0.183774,(none),- - - -,-0.020186,S66,S 6 6 -,-0.041868,S66,S 6 6 -,6.514555,5,- - - 5,6.093646
S666,1,0,1,-0.104766,-0.104766,-1.371005,0.334829,0.335779,0.05207,0.974254,,,0.002569,,,0.002569,666,- 6 6 6,1.865242,S,S - - -,0.58755,666,- 6 6 6,0.656231,S,S - - -,0.183774,(none),- - - -,-0.020186,666,- 6 6 6,6.960483,6,- 6 - -,6.114352
S66A,1,0,11,1.619603,1.393961,-0.043286,0.334836,0.502017,0.751401,1.325165,,,0.002569,A,- - - A,0.35774,66A,- 6 6 A,0.529732,S,S - - -,0.58755,S,S - - -,0.183774,(none),- - - -,-0.020186,S66,S 6 6 -,-0.041868,S66,S 6 6 -,6.514555,S6A,S 6 - A,5.767299
S6AA,1,0,10,1.173466,1.173466,-0.695863,0.335185,0.080353,1.025302,1.387716,,,0.002569,AA,- - A A,0.823639,AA,- - A A,0.631546,S,S - - -,0.58755,AA,- - A A,0.390214,S,S - - -,0.183774,(none),- - - -,-0.020186,AA,- - A A,6.462246,S6A,S 6 A -,5.767299
S744,1,0,12,1.883201,1.623136,0.979839,0.334362,0.35312,0.687687,1.763974,,,0.002569,4,- - 4 -,0.051355,44,- - 4 4,0.307441,S74,S 7 4 -,1.078351,S,S - - -,0.183774,(none),- - - -,-0.020186,S74,S 7 4 -,-0.076291,S74,S 7 4 -,6.427286,4,- - 4 -,6.065928
S74A,0,0,16,1.893246,1.633182,0.269055,0.334377,0.274612,0.804606,1.838187,,,0.002569,4A,- - 4 A,0.496518,A,- - - A,-0.035128,S74,S 7 4 -,1.078351,S,S - - -,0.183774,(none),- - - -,-0.020186,S74,S 7 4 -,-0.076291,S74,S 7 4 -,6.427286,S7A,S 7 - A,5.747795
S754,0,0,16,2.297348,2.037284,0.425669,0.334105,0.360805,0.770467,1.683109,,,0.002569,4,- - - 4,0.051355,,,-0.097363,S74,S 7 - 4,1.078351,S,S - - -,0.183774,(none),- - - -,-0.020186,S74,S 7 - 4,-0.076291,S74,S 7 - 4,6.427286,S54,S - 5 4,5.784296
S755,1,0,12,1.643274,0.806322,0.344761,0.334088,0.333095,0.667134,1.083409,,,0.002569,,,0.002569,55,- - 5 5,0.365538,S,S - - -,0.58755,S,S - - -,0.183774,(none),- - - -,-0.020186,S7,S 7 - -,-0.296647,55,- - 5 5,6.373291,75,- 7 5 -,6.008497
S75A,0,0,16,2.123258,2.123258,0.499067,0.334177,0.391403,0.804625,1.322009,,,0.002569,A,- - - A,0.35774,A,- - - A,-0.035128,S,S - - -,0.58755,S,S - - -,0.183774,(none),- - - -,-0.020186,A,- - - A,-0.275844,S,S - - -,6.300295,S7A,S 7 - A,5.747795
S764,0,0,16,2.199956,1.939892,0.379901,0.333784,0.369131,0.770486,1.577693,,,0.002569,4,- - - 4,0.051355,,,-0.097363,S74,S 7 - 4,1.078351,S,S - - -,0.183774,(none),- - - -,-0.020186,S74,S 7 - 4,-0.076291,S74,S 7 - 4,6.427286,S64,S - 6 4,5.772143
S765,0,0,16,2.093598,1.770626,0.049849,0.333703,0.333703,0.770505,1.458923,,,0.002569,,,0.002569,,,-0.097363,S65,S - 6 5,1.079235,S,S - - -,0.183774,(none),- - - -,-0.020186,S65,S - 6 5,-0.139197,S65,S - 6 5,6.430165,765,- 7 6 5,5.845089
S766,1,0,10,1.3566,1.130957,-0.076869,0.333685,0.335776,0.640873,0.889986,,,0.002569,,,0.002569,66,- - 6 6,0.434805,S,S - - -,0.58755,S,S - - -,0.183774,(none),- - - -,-0.020186,S66,S - 6 6,-0.041868,S66,S - 6 6,6.514555,76,- 7 6 -,5.996343
S76A,0,0,16,2.21773,2.21773,0.593538,0.333862,0.51003,0.804645,1.298149,,,0.002569,A,- - - A,0.35774,A,- - - A,-0.035128,S,S - - -,0.58755,S,S - - -,0.183774,(none),- - - -,-0.020186,A,- - - A,-0.275844,S,S - - -,6.300295,S7A,S 7 - A,5.747795
S774,1,0,12,1.373215,1.233136,0.469854,0.333577,0.374406,0.664947,1.465185,,,0.002569,4,- - - 4,0.051355,77,- 7 7 -,0.516398,S74,S 7 - 4,1.078351,S,S - - -,0.183774,S77,S 7 7 -,0.043695,(none),- - - -,-0.020186,S77,S 7 7 -,6.568226,4,- - - 4,6.065928
S775,1,0,12,1.308086,1.168007,0.009573,0.333568,0.334826,0.664947,0.900057,,,0.002569,,,0.002569,77,- 7 7 -,0.516398,S,S - - -,0.58755,S,S - - -,0.183774,S77,S 7 7 -,0.043695,(none),- - - -,-0.020186,S77,S 7 7 -,6.568226,75,- 7 - 5,6.008497
S776,1,0,10,1.212129,1.07205,-0.22134,0.333559,0.335811,0.664947,0.803125,,,0.002569,,,0.002569,77,- 7 7 -,0.516398,S,S - - -,0.58755,S,S - - -,0.183774,S77,S 7 7 -,0.043695,(none),- - - -,-0.020186,S77,S 7 7 -,6.568226,76,- 7 - 6,5.996343
S777,1,1,1,-2.290735,-2.290735,-5.216634,0.333562,0.335912,0.051556,-2.408483,,,0.002569,,,0.002569,777,- 7 7 7,1.885636,777,- 7 7 7,1.181362,777,- 7 7 7,2.468854,S,S - - -,0.183774,S77,S 7 7 -,0.043695,777,- 7 7 7,7.604952,7,- 7 - -,6.147982
S77A,1,0,11,1.500064,1.359985,-0.124127,0.333585,0.579034,0.728398,1.237917,,,0.002569,A,- - - A,0.35774,77A,- 7 7 A,0.614785,S,S - - -,0.58755,S,S - - -,0.183774,S77,S 7 7 -,0.043695,(none),- - - -,-0.020186,S77,S 7 7 -,6.568226,S7A,S 7 - A,5.747795
S7AA,1,0,10,1.221736,1.221736,-0.608895,0.334526,0.142209,1.025329,1.374762,,,0.002569,AA,- - A A,0.823639,AA,- - A A,0.631546,S,S - - -,0.58755,AA,- - A A,0.390214,S,S - - -,0.183774,(none),- - - -,-0.020186,AA,- - A A,6.462246,S7A,S 7 A -,5.747795
SAAA,1,0,2,0.173625,0.173625,-1.925991,0.335585,0.002982,0.196473,1.417254,,,0.002569,AAA,- A A A,0.991778,AAA,- A A A,1.990825,S,S - - -,0.58755,AAA,- A A A,1.794054,AA,- A A -,0.390214,S,S - - -,0.183774,AAA,- A A A,7.068539,SA,S A - -,6.114806
SS44,1,0,1,-0.783963,-0.783963,-2.990141,0.333183,0.353402,-2.632107,1.590483,,,0.002569,4,- - 4 -,0.051355,SS,S S - -,0.611484,SS,S S - -,1.250106,SS,S S - -,1.486591,SS4,S S 4 -,0.413132,S,S - - -,0.183774,SS,S S - -,6.9195,4,- - 4 -,6.065928
SS4A,1,0,10,2.335497,2.335497,-0.444811,0.333182,0.32544,0.763833,1.890689,,,0.002569,4A,- - 4 A,0.496518,SSA,S S - A,0.715046,SS,S S - -,1.250106,SS,S S - -,1.486591,SSA,S S - A,1.432661,SS4,S S 4 -,0.413132,SS,S S - -,6.9195,S4A,S - 4 A,5.795301
SS54,1,0,10,2.487387,2.487387,-0.687109,0.333146,0.363027,0.697059,1.523079,,,0.002569,4,- - - 4,0.051355,SS,S S - -,0.611484,SS,S S - -,1.250106,SS,S S - -,1.486591,SS5,S S 5 -,0.64119,SS4,S S - 4,0.413132,SS,S S - -,6.9195,S54,S - 5 4,5.784296
SS55,1,0,1,-0.912589,-0.912589,-3.060159,0.333145,0.333145,-2.633653,1.434911,,,0.002569,,,0.002569,SS,S S - -,0.611484,SS,S S - -,1.250106,SS,S S - -,1.486591,SS5,S S 5 -,0.64119,S,S - - -,0.183774,SS,S S - -,6.9195,5,- - 5 -,6.093646
SS5A,1,0,11,2.498982,2.498982,-0.434364,0.333154,0.423948,0.763833,1.816917,,,0.002569,A,- - - A,0.35774,SSA,S S - A,0.715046,SS,S S - -,1.250106,SS,S S - -,1.486591,SSA,S S - A,1.432661,SS5,S S 5 -,0.64119,SS,S S - -,6.9195,S5A,S - 5 A,5.779396
SS64,1,0,10,2.412199,2.412199,-0.710672,0.333105,0.370835,0.697059,1.440123,,,0.002569,4,- - - 4,0.051355,SS,S S - -,0.611484,SS,S S - -,1.250106,SS,S S - -,1.486591,SS6,S S 6 -,0.743386,SS4,S S - 4,0.413132,SS,S S - -,6.9195,S64,S - 6 4,5.772143
SS65,1,1,1,-1.342065,-1.342065,-3.489635,0.333095,0.334088,0.697059,-2.32617,,,0.002569,,,0.002569,SS,S S - -,0.611484,SS,S S - -,1.250106,SS,S S - -,1.486591,SS6,S S 6 -,0.743386,SS5,S S - 5,0.64119,SS,S S - -,6.9195,5,- - - 5,6.093646
SS66,1,1,1,-2.736013,-2.736013,-4.832612,0.333095,0.335783,-2.635199,-0.389555,,,0.002569,,,0.002569,SS,S S - -,0.611484,SS,S S - -,1.250106,SS,S S - -,1.486591,SS6,S S 6 -,0.743386,S,S - - -,0.183774,SS,S S - -,6.9195,6,- - 6 -,6.114352
SS6A,1,0,10,2.511848,2.511848,-0.453858,0.333114,0.532813,0.763833,1.720958,,,0.002569,A,- - - A,0.35774,SSA,S S - A,0.715046,SS,S S - -,1.250106,SS,S S - -,1.486591,SSA,S S - A,1.432661,SS6,S S 6 -,0.743386,SS,S S - -,6.9195,S6A,S - 6 A,5.767299
SS74,1,1,1,-1.348059,-1.348059,-3.554238,0.333051,0.374741,0.697059,-2.323988,,,0.002569,4,- - - 4,0.051355,SS,S S - -,0.611484,SS,S S - -,1.250106,SS,S S - -,1.486591,SS7,S S 7 -,0.957284,SS4,S S - 4,0.413132,SS,S S - -,6.9195,4,- - - 4,6.065928
SS75,1,1,3,0.591831,0.591831,-2.009498,0.333042,0.334888,0.697059,-0.393019,,,0.002569,,,0.002569,SS,S S - -,0.611484,SS,S S - -,1.250106,SS,S S - -,1.486591,SS7,S S 7 -,0.957284,SS5,S S - 5,0.64119,SS,S S - -,6.9195,75,- - 7 5,6.008497
SS76,1,1,5,1.485041,1.485041,-1.251244,0.333032,0.335821,0.697059,0.499267,,,0.002569,,,0.002569,SS,S S - -,0.611484,SS,S S - -,1.250106,SS,S S - -,1.486591,SS7,S S 7 -,0.957284,SS6,S S - 6,0.743386,SS,S S - -,6.9195,76,- - 7 6,5.996343
SS77,1,1,1,-2.024665,-2.024665,-3.968301,0.333031,0.33591,-2.636745,0.323275,,,0.002569,,,0.002569,SS,S S - -,0.611484,SS,S S - -,1.250106,SS,S S - -,1.486591,SS7,S S 7 -,0.957284,S,S - - -,0.183774,SS,S S - -,6.9195,7,- - 7 -,6.147982
SS7A,1,0,10,2.427058,2.427058,-0.499949,0.33306,0.583194,0.763833,1.585842,,,0.002569,A,- - - A,0.35774,SSA,S S - A,0.715046,SS,S S - -,1.250106,SS,S S - -,1.486591,SSA,S S - A,1.432661,SS7,S S 7 -,0.957284,SS,S S - -,6.9195,S7A,S - 7 A,5.747795
SSAA,1,0,1,-1.330687,-1.330687,-3.122839,0.333203,0.196357,-2.535334,1.979856,,,0.002569,AA,- - A A,0.823639,SSA,S S A -,0.715046,SS,S S - -,1.250106,SS,S S - -,1.486591,SSA,S S A -,1.432661,AA,- - A A,0.390214,SS,S S - -,6.9195,SA,S - A -,6.114806
SSS4,1,1,2,0.994057,0.994057,-2.894196,0.333033,0.377314,0.066963,0.83682,,,0.002569,4,- - - 4,0.051355,SSS,S S S -,1.906431,SSS,S S S -,1.828383,SSS,S S S -,3.168666,SS,S S - -,1.486591,SS4,S S - 4,0.413132,SSS,S S S -,7.671674,4,- - - 4,6.065928
SSS5,1,1,2,0.844376,0.844376,-2.98527,0.333033,0.335332,0.066963,0.680335,,,0.002569,,,0.002569,SSS,S S S -,1.906431,SSS,S S S -,1.828383,SSS,S S S -,3.168666,SS,S S - -,1.486591,SS5,S S - 5,0.64119,SSS,S S S -,7.671674,5,- - - 5,6.093646
SSS6,1,1,2,0.724473,0.724473,-3.0542,0.333033,0.335884,0.066963,0.559881,,,0.002569,,,0.002569,SSS,S S S -,1.906431,SSS,S S S -,1.828383,SSS,S S S -,3.168666,SS,S S - -,1.486591,SS6,S S - 6,0.743386,SSS,S S S -,7.671674,6,- - - 6,6.114352
SSS7,1,1,2,0.577503,0.577503,-3.048207,0.333033,0.335912,0.066963,0.412882,,,0.002569,,,0.002569,SSS,S S S -,1.906431,SSS,S S S -,1.828383,SSS,S S S -,3.168666,SS,S S - -,1.486591,SS7,S S - 7,0.957284,SSS,S S S -,7.671674,7,- - - 7,6.147982
SSSA,1,1,1,-1.626304,-1.626304,-5.100532,0.333031,0.614423,0.052339,-1.699639,,,0.002569,A,- - - A,0.35774,SSS,S S S -,1.906431,SSS,S S S -,1.828383,SSS,S S S -,3.168666,SS,S S - -,1.486591,SSA,S S - A,1.432661,SSS,S S S -,7.671674,SA,S - - A,6.114806
SSSS,1,1,1,-0.970512,-0.970512,-4.159364,0.333037,0.335918,-1.348068,0.279888,,,0.002569,,,0.002569,SSS,S S S -,1.906431,SSS,S S S -,1.828383,SSS,S S S -,3.168666,SS,S S - -,1.486591,S,S - - -,0.183774,SSS,S S S -,7.671674,,,6.207333
